1	[穿越]	[狮子 星座 讲讲 火花]	【当狮子遇上其他星座】	今天来讲讲大狮子跟其他星座的火花。[色]
2	[零食]	[楼层 筛选 获奖 参与 回答]	【美食有"礼"边吃边聊拿福利】	美食只是一人独享多悲伤，一起分享才最欢乐，让我们每周一起聊美食、拿好礼，俗话说的好：有便宜不占【消音中】~~所以话不多说直奔主题！~菩提本无树（Putiisnotatree）明镜亦非台（Mirrorisnotatable）本来无一物（Itisemptyatallhere）何处惹尘埃（Whypm2.5issohigh）~小伙伴们快来回答，春天喝什么茶提神醒脑？（描述详细者获奖几率更高哦）参与形式：在此话题下回复即可参与奖项设置：筛选5名用户，送上50元现金券筛选规则：随机筛选楼层，跟帖总楼层数*0.1楼；跟帖总楼层数*0.4楼；跟帖总楼层数*0.8楼。四舍五入取整，如选中楼层不符合回答标准，顺延至下一楼层，以此类推。活动时间：4月25日10:00--4月27日18:00开奖时间：4月27日18:30公布获奖名单，敬请关注。
3	[纤体]	[跑步 后悔 道理 头脑 适合]	【健康跑步攻略从选对一双跑鞋开始】	许多跑步初学者，头脑一热就买了很贵的跑鞋，虽说贵有贵的道理，但未必适合你，明猩教你如何选一双买完不会后悔的鞋。
4	[街拍]	[楼层 筛选 话题 生活 留住]	【拍出惊喜摄影达人看这里】	时间停不住，皂片来记录，定格每一个美好or逗比的瞬间，留住那一刻精彩or搞xiao的回忆！爱生活爱摄影。每周三约起！圈里有木有喜欢街拍的小伙伴，今天我们来秀街拍皂片，在此话题下秀出你美美的街拍照片~参与形式：在此话题下PO出照片，要体现自己的大神技术哟奖项设置：筛选3名用户，送上30元现金券筛选规则：筛选楼层，在此话题下总楼层数*0.1楼；在此话题下总楼层数*0.4楼；在此话题下总楼层数*0.8楼。四舍五入取整，如选中楼层不符合回答标准，顺延至下一楼层，以此类推。活动时间：4月20日10:00-21日18:00参与有效。开奖时间：4月21日18:30公布获奖名单，敬请关注。
5	[单反]	[饭菜 摄影师 看着 工具 道菜]	【如果男友是摄影师】	随着数码摄影的流行，多了很多专业或业余的摄影师。可能很多人也有幻想，如果我的男友是摄影师就好了，可以每日拍出我最好的一面。但是1比起牵你的手，他们更乐意端着大块头相机。2一次浪漫的约会，看着西沉的夕阳你会想“哇！太美了！”而他们想的却是“反光镜锁定，三脚架，快门1/125，光圈缩至f/8。”3如果你正在外面漫步，恰好经过一些“有趣光线”，他们会让你当众地坐下、站住或摆pose，好让他们拍下来。4你将吃不到新出炉的饭菜，因为他们会花上15分钟的时间，用iPhone手机对同一道菜拍20张照片。5当你认为他们正一心一意注视你的时候，他们实际上在想如何用克隆工具和修补工具“修复”你。6他假装看你，其实正在注意着周围寻找拍摄机会。7他们宁可花1000多美元买一只新镜头，也不愿给你买个手提包。8如果你问他们自己是不是长胖了，他们会说“不用担心，我可以用photoshop‘修复’你。”9昨天帮你随意拍的几张照片能发给你就算你幸运了。10所有东西都要打上水印。网上看的段子，笑死了，不过真是完全对。侵权删。
6	[零食]	[葡萄酒 意大利 产区 观念 采用]	【你不知道的意大利葡萄酒】	意大利这个老牌葡萄酒产国，你一定听说过巴罗洛和巴巴莱斯科两大意大利经典葡萄酒。然而，你可能忽略了一些小产区的美酒。它们虽然低调，但性价比极高。1.潘特莱利亚莫斯卡托意大利一些产区酿造的甜葡萄酒虽然价格实惠，但是容易偏甜，且口味单一。不妨试试南部的西西里岛或者附近其它小岛所产的甜葡萄酒，这些葡萄酒具有很高的性价比。马沙拉酒风格多样，颜色、甜度和陈年潜力也各不相同。此外，当地几款采用泽比波酿造的甜酒也是颇具特色的。2.蓝布鲁斯科蓝布鲁斯科是一种甜红起泡酒，一开始它作为意大利人晚上在外面喝的一款休闲酒，并没有受到重视。后来，时尚潮流以及人们的观念发生了变化，蓝布鲁斯科在意大利葡萄酒地图中占得一席之地。3.西罗酒西罗酒是意大利卡拉布里亚产区非常著名的葡萄酒。卡拉布里亚产区采用的特殊灌木培植方法来种植葡萄藤。
7	[多肉]	[兑换 微信 获奖者 获奖 发送]	【4.29#天天福利DAY#有奖活动话题获奖名单】	获奖名单如图，祝贺以下小伙伴们！所有获奖者均可获得自拍杆一份（奖品以实物为主），前50位获奖者还可获得额外门店好礼一份！没有获奖的小伙伴不要灰心，更多活动每日更新哦~1、请所有获奖者在5月1日14:00之前私信【个人姓名+电话+地址】给“胖不叫胖”（点击左上头像进入圈主个人主页，发送消息即可），奖品将在5个工作日内寄出，请保持手机畅通。注：未在规定时间内发送个人信息的获奖者，将视作自动放弃奖励。2、另请前50位获奖者关注国美+官方微信订阅号（保存下图二维码至手机相册，在微信中打开扫描识别此二维码关注哦），回复【门店领奖】获取线下兑换步骤及注意事项。兑换有效期为自获奖公布起7日内，大家抓紧时间哦~
8	[手串]	[桃核 手链 加工 纤维 发生]	【如何制作桃核手串】	将桃核取出来，但裹在桃核外面的一根根丝状样的纤维很难去掉，要耐着性质用硬刷子刷掉。又化了整整2天的时刻，一篓干干净净的、巨细整整齐齐，那种鼓着肚子圆圆滚滚的桃核摆在面前，真快乐呀。桃核的外形根本类似，桃核上的斑纹也一样，差异不大，真是一母所生的兄弟姐妹。1、阴干，避免太阳晒，以防爆裂，2、找磨刀石磨平附近锋芒，3、用手捏，使之冲突后，桃核油份天然溢出，包浆天然发生，并且常常要把玩，4、开孔、穿线。4个加工进程用了将近2个月时刻，7月-8月，大热天的，就用在加工桃核上，成果我的手上老茧蜕皮了新的老茧又出来，我家先生手被手枪钻弄破，鲜血直流。但痛并快乐着，当10多串手链整整齐齐摆在面前，享用成功的快乐时分真尝到了事在人为的实在意义。手链带着亲情、带着祝愿传递到亲朋好友、兄弟姐妹的时分心里有着说不出的快乐。桃核手链就这么加工好了，虽不是很精美但还像个姿态，赶明儿照张相片挂上，发生了一个主意：真想招领了那棵桃树，下一年持续。
9	[手串]	[珠子 表面 揉搓 手串 地方]	【崖柏手串盘玩包浆方法推荐】	第一步；判断手串是干料还是湿料。如果手串比较干，那么盘起来就很容易。如果手串比较湿，珠子含水分较大，需要先放置在阴凉的地方，慢慢阴干。第二步：使用纯棉手套或者纯棉澡巾揉搓珠子的表面，每天揉搓3个小时左右即可。揉搓的作用，清洁珠子表面，把珠子分泌的油涂抹均匀，方便珠子与空气进行充分的氧化，形成包浆。注意事项：不要用汗手接触珠子表面，也不要沾水、酒等液体。盘玩时间一般要三个月左右。盘完成功后，珠子表面会有一层包浆，非常漂亮。第三步：使用真丝或者鹿皮进行保养。形成包浆后，就可以佩戴了，不过要注意保养，坚持每天使用真丝或者鹿皮进行60分钟保养。保持珠子的清洁和光洁度是非常重要的。第四步：盘的是手串，养的是心性。一个完美的手串包浆，需要经过以下步骤：先布盘，再真丝盘，最后手盘，麂皮保养。
10	[手串]	[珠子 表面 手串 金丝 楠木]	【金丝楠木佛珠盘法具体步骤】	1、要先把珠子表面的脏的物质以及蜡层擦去，用搓澡巾即可，大约每天二三个小时，坚持两天即可。2、再用柔软的棉布盘搓一个星期。如果搓金丝楠木佛珠手串,软布表面会有红色的痕迹，这时你不要慌张，不会影响金丝楠木手串的质量。3、再自然放置一个星期。让珠子自然干燥同时金丝楠木手串很容易被氧化，然后形成一层氧化膜。这点其实可以保护紫檀，防止继续被氧化。氧化过程就是在自然放置时发生的。4、开始用手盘。手的要求是很高的，必须清洁干爽，如果有汗要戴纱布手套。大约一天可以盘30分钟左右，一共大约盘一个星期到两个星期,这时你会发掘一现象，干手盘珠子有一种粘阻感,这说明珠子表面形成了一层薄薄的包浆。5、形成包浆以后，就是包浆的硬化了，大约自然放置一星期即可。6、重复进行4和5的过程，一共经历3个月的时间,这时的珠子就盘好了，你会发现珠子表面有很灵气的光泽，在阳光的照射下，会有反射光。
11	[零食]	[茶叶 大红袍 留香 冲泡 茶具]	【大红袍怎么泡，大红袍的泡法】	大红袍的汤色大红袍经过半发酵传统工艺的精心烘焙之后，茶叶不仅仅带有独到茶香，而且还具有炭火的气息。茶叶外观红绿相间，周围似乎勾芡有金边，形状像一条小麻花，经过泡制之后，茶叶就会舒展开来，茶叶的颜色变得明黄鲜艳，同时一股浓郁的兰花香扑鼻而来。那么日常生活中，我们该如何泡制所谓的“功夫茶”呢？首先我们应该将所需要的茶具统统清洗干净，再将大红袍茶叶放入茶具中，通过高温开水冲泡，但是不要将茶叶冲泡的太久，不然一些营养物质会流失掉。最后将茶水倒入品茶的杯子中，进行品茗。这个时候我们轻轻抿上一口清茶，口齿留香，芳香四溢，回味无穷。小贴士：一般的茶叶需要温度在80°左右的水来冲泡，而大红袍却不然，需要接近沸水的温度来冲泡。“三泡四泡是精华，九泡十泡有余韵”。说的是大红袍一般可以冲泡10余次，大概在第4-5次冲泡的时候口感最佳，唇齿留香，尤其是岩谷茶香更是让人陶醉不已。
12	[明星]	[目光 偶像 新娘 婚礼 牵动]	【明星婚礼上的kiss，你被哪一对甜炸了？】	近几年娱乐圈喜事连连，偶像们大婚牵动着众人的目光，回看当时婚礼上他们甜蜜kiss的瞬间，真的宛如一出出虐汪大戏。你觉得哪一对的婚礼之吻最甜最苏呢？老干部霍建华和新娘林心如忘情瞬间。
13	[美妆]	[]	【话题任务#聊聊你的第一次（______）#】	我想先讲一个故事，也许是我记忆里最特别的一次。
14	[零食]	[面包 淀粉 面粉 作用 淀粉酶]	【控制面包老化的方法】	有几种方法可以用来控制面包的老化，延长保质期限，这些方法的作用仅仅是延长面包的保存期，防止过快地老化而已。一、温度的调整冷冻是一方法，但不同于冷藏，冷冻必须使温度降低到-20℃以下才能防止过快老，且降温和解冻速度不能过于缓慢。二、包装良好的包装可以防止水分的损失和保持产品的美观。三、面粉的选择使用高筋面粉制作的面包，吸水量多，而且由于蛋白质含量高，淀粉含量少，面包的体积大，所以面包的硬化较慢，保持性能良好。选择高筋度的面粉制作面包，一定要保证水量充足，才有助于面筋的扩展，而且要使用速度较高的搅拌机，才能使面筋得到充分扩展。四、面包改良剂及α-淀粉酶的作用一般面粉中均缺乏淀粉液化酶α-淀粉酶，而面包改良剂中的淀粉酶在面团发酵及烤焙初期能水解部分淀粉为糊精，因此改变淀粉的结构，降低淀粉的退化作用，增长面包的老化时间。
15	[徒步]	[花朵 萼片 灰黑色 北京 杏仁]	【三分钟成为春花专家】	春天高潮即将过去了，各种花朵都登场了，很多都被冠上了桃花的大名。这些好多好冤啊，明明叫张三，非被人们塞到李氏宗族。现在就一起来为它们正名吧。排名按在北京春天的开花时间确定，先后可能跟各地有差别1.山桃这大概是最早开放的花朵了，特点是树皮是紫红色的，通常不会被认错，因为它们的花瓣好单薄。柱头只有一个，萼片是平顺的。总之是，看起来没有特点的特别早开的花，当然也是最早落的花。会结一些小毛桃，基本没有能吃的果肉。2.榆叶梅因叶子似榆树叶子得名。花朵非常密集，会结出梅子一样的果实，只是果肉特别薄，也非常酸，尝过的人都会说不好。3.山杏山杏的花朵没有花梗，萼片反折。虽然花瓣纤薄，但是却十分精致。花柱也是一条，另外，它们的枝干是灰黑色的，没有山桃那么靓丽。这都不是重点，重点是山杏的杏仁可以吃，很多市售的杏仁都是山杏仁！但是鲜的要经过处理，必须经过浸泡和煮去除多余的苦杏仁苷。
16	[甜品]	[番薯 红糖 糖水 放入 饱满]	【红糖老姜番薯糖水】	番薯糖水煮起来非常容易，但也不是简单的将番薯放入老姜汤中熬煮就可以了，还需要几个小窍门，可以让糖水变得清亮不浑浊，番薯更加甘甜。红糖老姜番薯糖水的做法先煲姜水：姜拍散，红枣去核切成若干瓣，水煮开后放入熬煮。处理番薯：番薯削皮，用刀刃深入番薯肉中，稍稍用力将番薯一块块撬开，并浸泡于水中，多换几次水以洗掉淀粉，使汤色更清亮。开中火，在锅中翻炒番薯，将水分炒干。炒干后再一次浸泡于水中，清洗几下。熬煮番薯：处理过的番薯放入之前熬煮中的姜水中，开大火煮沸，放入红糖。转小火熬煮至番薯变软即可。挑选番薯小窍门：1、​选个头大，形体饱满光滑的椭圆形。2、​不要选有洞的，有洞的说明里面有长虫子或烂了。3、​不要选表面有擦伤或则截断的，有可能部分已经腐烂了。
17	[养猫]	[用水 井水 河水 观赏鱼 水质]	【家庭饲养金鱼用什么水比较好】	1、自来水自来水是我们日常生活使用的生活用水，来源方便易得，它经过一定的技术处理后，是淡水观赏鱼较佳的饲养用水。自来水是消毒处理后的水源，水中含过多的氯离子，不能直接用来养鱼。一般采用凉晒法，将自来水放在露天通风处，借助于空气的流通和阳光的照射，使水中残留的氯气挥发，同时增加水中的溶氧量。2、井水井水属地下水，水质较硬，水温恒定。井水在使用前需曝晒12小时以上，以使水温与地表水温平衡，同时增加水中的溶氧量。3、河水天然水，水质软但较浑浊。使用前要在蓄水池中净化沉淀或过滤后使用。河水中含有许多天然饵料，可以使观赏鱼的颜色更加自然亮丽。
18	[养猫]	[金鱼 感冒 温度 盐水 原有]	【金鱼的感冒和防治方法】	当气温突然改变，你的金鱼出现了不正常病状，那么多半你的金鱼可能感冒了。金鱼感冒易发于早春、深秋和冬季。一、症状金鱼是否感冒可以从其活动情况看出患感冒的金鱼失去原有的活跃状态，而表现为神情呆滞、怕动、孤独地静处一旁，不吃不喝，皮肤上分泌出较多的黏液，肤色暗淡，而失去原有光泽，严重时可倒浮在水面上。二、防治方法1、在给金鱼换水时，不论什么季节，都要做到换进去的新水和老水的温度相同或温差很小；2、对已经出现感冒症状的金鱼，可将水位降低，待天气晴好时，要让金鱼晒晒太阳（气温较低的季节），或多给予光照；3、用小苏打稀溶液或低浓度的盐水让病鱼浸浴15分钟左右，再捞入清水中静养。
19	[养猫]	[金鱼 饲养 水源 含量 井水]	【金鱼饲养的水质管理】	饲养用水的选择饲养金鱼的水源较多，并且各具特点，养鱼者可就近取水，合理使用。1、井水有深井水和深浅水井水指一般土井、土壤地层的水。井水一般冬暖夏凉矿物质含量丰富，适宜饲养金鱼。浅井水较深井水更适合养鱼。井水使用前须根据地层的深浅，曝晒12～36小时，以利鱼体健康。2、江河、湖水属天然水源。与空气及日光接触面广，溶氧含量高，PH7.0～8.0，有较多的浮游生物，用于饲养金鱼，有助于鱼体色泽鲜艳。未经污染、优良的江湖水源均可用来养金鱼。缺点是湖泊与江河水中常含有危害金鱼的各种病原体和敌害，金鱼容易发病，因此需经过处理后使用。3、泉水属地下温性水源水瘦质纯，各种有机物含量稀少，可溶性盐类较多，用泉水养金鱼，生长较慢，使用时应力求水温平衡。
20	[养猫]	[金鱼 食物 肚子 观察 救治]	【金鱼吐食的那些误解和注意点】	一、金鱼的消化系统有问题，但是也可能存在肠胃疾病的可能。在这种情况下，先给金鱼停食，同时密切观察它的活动情况。一旦存在其它异常情况，那么就有必要进行合理的诊断治疗了，千万别拖延金鱼的救治时间哦。二、金鱼将吃下去的食物又吐出来，有可能是它不饿，肚子还很撑。这样的情况，可以先仔细看看鱼儿的肚子，是不是鼓胀浑圆。如果是，那么也可以暂时停食几顿，等到金鱼将体内的食物完全消化分解之后，在给它喂新的食物。三、金鱼将食物吐出来，也有可能是因为它在吃东西的时候吞进了气泡，使得肚子装不下剩余的食物，只好将食物吐了。这种情况下，也要先停食，然后密切观察金鱼的情况。与上述一说的一样，一旦有异常情况发生，一定要第一时间处理救治哦，否则金鱼将可能会死亡的。
21	[养猫]	[水草 布置 鱼缸 氧气 选择]	【美化鱼缸的方法】	养鱼是为了欣赏的，假如不经过美化布置，而只是一缸清水，几条游鱼游于水中，会使人感到单调和乏味。为了加强观赏效果，鱼缸中的美化布置工作就显得格外重要。怎样为鱼布置一个美丽的环境呢？您不妨从以下几点动动脑筋。一般观赏鱼缸内装饰，多以假山、假草再衬以假背景，这样无论多美总有缺乏生气的感觉。选择合适的水草，鱼缸才能布置得美观大方。背景水草可以选择高达水面的水草种类，中间以及两侧选择半高的水草种类，而前景则应该是矮小的水草，这样具有立体感。注意，水草和苔藓不能过多，否则会和金鱼以及田螺争夺氧气，虽然水草会吸收二氧化碳，释放氧气，但有时其消耗的氧气要大于释放的氧气。所以，应定期除去鱼缸里过多的水草。
22	[养猫]	[呼吸 神仙 仅供 咖啡色 色彩]	【如何判别七彩是否健康】	优良健康之七彩神仙鱼是每一位饲养者所希望拥有，但要如何判健康与否，可归类如下，仅供大家参考。1、七彩神仙鱼之各鳍，是否收缩而没有正常的撑开。2、七彩神仙鱼之鱼身（含鳍）是否有破，溃烂或附有类似白雾丝状或白色黏液。3、七彩神仙鱼之肤色是否正常或稍微带苍白色或暗淡色色彩表现不太正常。4、七彩神仙鱼之鳃部是否有过度张开之现象或呼吸急促的样子。5、七彩神仙鱼的双眼是否明亮有神，或为暗咖啡色或暗黑色。6、七彩神仙鱼之游动，是否常精神抖擞地昂首正常游动，呼吸顺畅，神态自然。7、七彩神仙鱼之排泄物是否有异常，是否有白便或拖粪现象
23	[养猫]	[水泥池 池底 池壁 蓄水池 结构]	【水泥池饲养金鱼攻略】	一、放养前的准备1、水泥池的结构鱼池采用保水节水的砖混水泥抹面结构，按用途分为蓄水池和养殖池。蓄水池与养殖池的面积比为1:12。蓄水池的规格为10米×1O米×1.5米，养殖池为5米×5米×0.5米，底面向排水口稍微倾斜，进排水管用无毒聚乙烯塑料管，规格为直径150毫米，两排池为一单元，在每一单元埋设进排水管道，安装喷淋增氧设施。2、水泥池的处理检查是否有渗漏，这对新建水泥池尤为重要。新建水泥池碱性很强并含有不利于幼体发育的有害物质，可用水浸泡、冲洗直到池底、池壁内的碱性及有毒物质浸出，使pH值稳定在8.5以内，浸泡时间约为一个月左右。水泥池在使用时要严格洗刷，用50克/米。漂白粉或20克/米3高锰酸钾溶液刷洗池壁池底，浸泡数小时后，再用清水冲洗干净后注入养殖用水，待用。
24	[养猫]	[吸氨石 爆氧 自来水厂 有毒 净化]	【饲养金鱼时为何推荐使用吸氨石】	家庭养殖金鱼的饲水多为自来水，自来水厂在进行水处理的时候，一般都放入了氯这种化学物质，为了杀灭水中的细菌，我们大家都知道氯气对于观赏鱼来说是有害的，对鱼鳃等呼吸系统的危害较大，因此，一般都采用晒水（北方多叫“困水”）的方法，将水中的氯气挥发掉。在晒水的同时充氧，使水中的含氧量增加，达到爆氧的目的。氯气和水中的有机物结合，会形成至癌物质，为了避免这种情况，因此，自来水厂又在水中添加了氨，使氯能够和氨结合，产生氯氨，避免氯气和水中的有机物结合，形成至癌物质。吸氨石吸氨石是拥有多孔而有渗透性的滤材。除了可以除氨离子，可以吸附有毒的有机物如毒性强的amonia及有害气体。也可以净化水质。使用新的吸氨石前，要先用水冲洗。吸氨石的寿命期很短。
25	[养猫]	[发生 胭脂鱼 消毒 疾病 鱼种]	【胭脂鱼病害早防治】	胭脂鱼的常见疾病有：烂鳃病、肠炎病及营养性不良、泛池和寄生虫病等。（一）烂鳃病在胭脂鱼成鱼和幼鱼阶段均有发生。由于胭脂鱼有集群习性，故该病一旦发生，即迅速感染，有时可导致大量死鱼现象。防治方法：一是大量换注水，改善池塘水质状况；二是鱼种放养前彻底清塘，养殖过程中定期消毒水体和食场。当鱼病发生，用0.2-0.5毫克/升呋喃唑酮或1毫克／升漂白粉全池泼洒，连续2-3天；同时拌饵内服鱼服康（100千克鱼用量为50～100克）或红霉素（100千克鱼30克有效成分），1天1次，3天为一个疗程。（二）肠炎病胭脂鱼苗种及低龄鱼种主要疾病。在饲料及环境条件差的情况下易发生；流行季节为6～9月。防治方法：一是坚持不喂变质腐败饲料；二是加强水体消毒工作。在疾病发生时；全池泼洒漂白粉或0．3～0．4毫克／升强氯精。
26	[养猫]	[鱼缸 消毒 绿藻 清洗 生长]	【鱼缸消毒很有必要】	鱼缸消毒至关重要，特别是在饲养有名贵热带观赏鱼的缸中尤其如此。如何给鱼缸消毒？消毒前我们需要做什么呢？其实鱼缸消毒是第二步需要做的事情，首当其冲的是鱼缸的清洗问题，鱼缸清洗干净了是对鱼缸消毒做准备的前提条件，想想美欧清理干净鱼缸的里里外外那么鱼缸消毒也是不可取的。鱼缸消毒前，我们需要对鱼缸做好清洗，清洗鱼缸可以从两个方面入手，首先是清理缸壁，用到的工具主要有磁力刷和磁刮器，简单实用可以很方便的清理掉内壁上面的绿藻和青苔。其次就是清理过滤系统，清理这个比较复杂但是也不易经常清洗，不然可能会破坏消化系统，使得消化系统崩溃掉，影响鱼儿健康生长，清理过滤系统主要清理的是棉，因为第一层就是阻挡杂质的过程，故会在棉上面残留很多的物质，这个必须清理。
27	[零食]	[葡萄酒 酵母 风味 发酵 葡萄]	【葡萄酒里那么多味道是从哪儿来的？】	葡萄酒芬芳迷人，我们可以从中闻到浆果、香草、皮革、橡木等味道。那么，这么多味道究竟是从哪儿来的呢？1.来自葡萄品种2.来自葡萄种植温度来自不同温度范围的葡萄酒风味特点差异非常大日照日照充分使葡萄合成更多风味物质，有的还会发展出热带水果风味。土壤3.来自酿酒工艺葡萄酒的发酵是利用酵母将葡萄中的糖分转化为酒精的过程。如果酒精发酵时糖分未被全部分解，舌尖可以尝到明显的甜味，葡萄酒就会呈甜型；如果舌尖几乎尝不到甜味，葡萄酒就会呈干型。橡木橡木桶在第一次使用的过程中会散失大部分风味，因此数次使用后，橡木桶就不会再赋予葡萄酒太多风味了。苹果酸乳酸发酵葡萄酒中尖刻的苹果酸转变为醇厚的乳酸，酸度降低的同时，还能发展出黄油、奶油类气息。酒香酵母受酒香酵母影响严重的葡萄酒会散发出臭袜子、湿狗和马骚味。酒泥来源于发酵后的葡萄酒与死亡的酵母细胞——酒泥的接触。香槟产区规定，香槟需保留酒泥在瓶中熟成1.5年以上。
28	[徒步]	[]	【今天我们去哪里玩】	大家好！今天我们去哪里玩？？
29	[手工]	[完整版 小伙伴 课堂 笔记 材料]	【一朵课堂|零基础如何画好植物白描（上）】	6月8号日晚八点茹萍在千聊给600多位的小伙伴直播了白描技巧很多小伙伴刚好有事没能赶上呐，学霸辛勤茹我完整版课堂笔记如下材料准备：
30	[音响]	[音箱 灯光 采用 旋钮 悬臂]	【G-one质感音乐体验，身临其境的音乐盛宴】	小编今天带来一款目前性价比极高的小型家庭院套装——G-ONE。推荐理由：①安装简单②音乐质感强③经杜比认证还原度的一款高品质5.1音箱三个音箱采用的是同一个支架进行支撑，中置音箱只能向上伸长，而左右声道音箱则可以波动到水平位置。三个音箱均采用的限位孔的方式可以对音箱悬臂的长度进行调整，最高能支持28寸的显示器进行使用。每个细节的做工都还是挺不错的，底部的输入线与音箱支架结合紧凑没有缝隙。同时三个音箱均采用向前略微倾斜的设计，为了极致的体验可谓是不放过每一个细节，再也不怕因为悬臂拉太长而导致声音会不经意的溜走了。可以看出为了产品的美观三个音箱均设计了一个方形的透明框，不过感觉从美观的角度来说还差一步就完美了。如果在圆形的外围部分加上一条灯带，让透明框在使用的时候能够随着音乐绽放出特定的色彩那么产品瞬间就变得高大上不少。音量调节旋钮的质感还是挺不错的，采用的磨砂材质作为表面材料，同时做了亮边处理散发出夺目的金属光泽。旋转调节的时候会有一小格一小格的拨弄触感，可以360°进行旋转。小小的个子里面还内置了全指向屏蔽回路麦克风，不过有一点可惜的是因为其太轻容易到处跑，感觉需要在底部上点胶粘在桌上才好。同时如果旋钮灯光闪烁4次则表示正在播放的音源为杜比源码。对于灯光方面低音炮下方的三个小圆点还是挺好看的，这个投影式的灯光不会那么刺眼，看起来排列的三个小蓝点看起来也挺舒服的。
31	[音响]	[系统 音响 选择 避开 性价比]	【给圈友们的几个购买音响的建议】	我跟大家分享几个有用的小窍门，用来帮助大家购买到性价比最好的音响。一，尽可能避开2.1的音箱，选择主音箱口径更大的2.0音箱二，尽可能的选择无源系统，避开有源系统三，一定用最好的音乐来给音响试音
32	[服装]	[背带裤 搭配 女王 时尚 整理]	【这个春天，时尚又减龄就靠他了！】	说起来背带裤还真的是时尚又减龄的神器啊喂！但是背带裤要如何搭配出自己的风格，还是困扰各位女王的一个问题，所以这次小编就为女王们整理了背带裤不同款式的不同搭配~背带裤+T恤[大笑]
33	[手串]	[硬度 木材 非洲 译成 轻木]	【木材硬度表排行榜：紫檀最硬，椴木最软】	下图是一张在pinterest看到一张很形象的木材硬度表，译成了中文，知识贴欢迎收藏。可以看到木材硬度排在前三位的紫檀、龙凤檀、和檀木。木材硬度最低的为非洲轻木和椴木。
34	[红酒]	[圈子 小伙伴 社交 返利 圈子里]	【欢迎来到国美+】	故事总是由首先开始，由然后升华，再由最后结束的。那么，让我们的故事开始吧...在国美+，我该怎么做呢？首先向大家介绍一下我们的国美+一、常识科普1、什么是国美+国美+是美信网络技术有限公司推出的一款社交电商APP，以分享为核心，将社交与购物进行链接，专注于为用户提供更有品质的购物及社交体验，同时为商家提供更有效率的商品销售平台。2、在国美+可以做什么呢？在国美+，我们可以找到感兴趣的圈子，可以赚取国美币，可以通过返利赚取佣金，可以发现好货。然后我们要怎么来玩呢二、教你玩转国美+1、圈子怎么玩圈子是由一群兴趣相投的小伙伴创建哒，亲们可以根据自己的兴趣爱好加入或者创建不同的圈子，在圈子里可以与小伙伴讨论喜欢的事情，还可以交到志同道合的小伙伴哦。关于圈子的详细，需要亲们移步到国美+官方圈子里查看关于圈子的详细介绍哦，辛苦各位亲啦。2、国美币怎么玩国美币用的用途是多多的，它可以提现，它可以当现金抵用等等。国美币还有很多用途哦，关于国美币的详细，需要亲们移步到国美+官方圈子里查看关于国美币的详细介绍哦，辛苦各位亲啦。3、返利怎么玩小伙伴们，看到返利会有一脸茫然的感觉吗。有茫然就对啦，关于返利的详细，同样需要亲们移步到国美+官方圈子里查看关于返利的详细介绍哦，辛苦各位亲啦。4、好货怎么找除了圈子之外，剩下的就都是好货的范围啦。比如具体的可以在：国美+页面中的便宜好货，超级返利，促销活动中找找啦，如果亲们觉得还不够，可以在国美+精选中再找找。最后我们再来回答一些小问题比如亲们在使用过程中遇到了问题怎么办。如果亲们在玩转圈子过程中遇到了一些问题，可以在国美+app→我的→设置→意见反馈进行反馈哦。
35	[红酒]	[圈子 活动 官方 话题 亲们]	【关于圈子，这里有大家想知道的。】	首先欢迎亲们来到国美+官方圈子在这里，你可以获得最新的国美+咨询和最炫酷的玩法在这里，你可以和大家玩在一起，买在一起当然，在这里，亲们还可以参加我们的各种活动，拿到萌萌哒的礼物。然后，教亲们如何玩转圈子1、如果你想查看我们过去优秀的话题，只要在圈子中精品话题栏进入查看即可哦。2、如果你想爆照，想交友，想发表不一样的意见，想有人和你说晚安或早安，想做你想的事情，都可以进入到圈子里发起话题哦。3、我们的圈子会经常推出各种好玩的活动，亲们可以多多关注官方圈子的活动预告哦。最后，有一些是大家一定要配合做好的。请大家不要发布广告、色情、恶意刷屏、虚假、辱骂等不良信息，违者一律删除，并拉黑。
36	[红酒]	[返利 商品 金额 购买 邀请]	【关于国美币，这里有你要知道的！】	亲们，国美币是可是与大家的money直接有联系的哦，我们在这里就要十分严肃的和大家讲一下关于国美币的内容啦。国美币获取方式:1.如何赚取国美币？通过邀请商家入驻、分销商品、购买商品、分享商品、邀请好友等方式得到国美币；2.国美币怎么赚，谁能赚？①分享商品返利：最终用户购买，分享的用户获得返利②邀请好友返利：被邀请者购买返利商品后，邀请者可获得返利③邀请商家返利：邀请商家入驻国美+，商家可得国美币④购买商品返利：用户在国美+购买了标有返利的商品，可获得返利⑤销售商品返利：用户在国美+分销商品，可获得返利4.国美币如何使用？国美币提现通过绑定银行卡（储蓄卡）进行提现。国美币消费通过购买商品在填写订单页面勾选使用。5.关于限额国美币提现限额单笔最小金额————————10元单笔最大金额————————1W元单日最大笔数————————5笔单日最大金额————————2W元单月最大金额————————5W元国美币支付限额单笔最小金额————————0.01元单笔最大金额————————1W元单日最大笔数————————10笔单日最大金额————————2W元单月最大金额————————5W元
37	[手串]	[家具 海南 市场 直径 成材]	【红木第一等，海南黄花梨】	海南黄花梨已基本绝版，成器的家具几乎都已进入拍卖收藏市场。一件家具价格都是几十万、上百万人民币。中国海南黄花梨幼树当前只有4-5公分直径，要成材估计要好几百年以后，才能作为成套的家具（卧房、书房、客厅）。所以真的好贵啊，谁家里有可以天天抱着睡觉了~~
38	[家用电器]	[洗衣机 限量 爆款 空调 冰箱]	【617内购会～热辣夏日，大小家电大集合(▼㉨▼#)】	空调～冰箱～洗衣机你想要的都在这里٩(•̀㉨•́)وget！限量爆款不等人哦((ૢ⁼̴̤̆㉨⁼̴̤̆ૢ)♡让你一次选个够（约么
39	[家用电器]	[洗衣机 限量 爆款 空调 冰箱]	【617内购会～热辣夏日，家电清单大公开】	空调～冰箱～洗衣机你想要的都在这๑乛v乛๑嘿嘿限量爆款不等人哦((ૢ⁼̴̤̆㉨⁼̴̤̆ૢ)♡让你一次选个够～给你我所有(约吗？
40	[美妆]	[皮肤 雀斑 生姜 洗净 黄瓜]	【小编教你如何用天然的食物消除肌肤上面的斑点】	【导语】：每个女孩子都希望自己的肌肤可以光亮红润，这样可以给人一种很舒服的感觉，也可以让自己的精神愉快，可以有益自己的身心健康，但是，有些人脸上却有许多褐色的雀斑，且这种现象女性比男性多。那么有何妙方去除呢?在天然食品中，具有保养皮肤和消除雀斑功效的食物有许多种。现介绍几种经临床验证确有实效的食疗方法。西红柿汁每日喝1杯西红柿汁或经常吃西红柿，对防治雀斑有较好的作用。因为西红柿中含丰富的维生素C，被誉为“维生素C的仓库”。维生素C可抑制皮肤内酪氨酸酶的活性，有效减少黑色素的形成，从而使皮肤白嫩，黑斑消退。黄瓜粥取大米100克，鲜嫩黄瓜300克，精盐2克，生姜10克。将黄瓜洗净，去皮去心切成薄片。大米淘洗干净，生姜洗净拍碎。锅内加水约1000毫升，置火上，下大米、生姜，武火烧开后，改用文火慢慢煮至米烂时下入黄瓜片，再煮至汤稠，入精盐调味即可。一日二次温服，可以润泽皮肤、祛斑、减肥。
41	[美妆]	[说起 妹子 自拍 发晒 男人]	【看，姑娘们一片粉红却不撩人的“晒伤自拍”】	其实每年夏天都会有妹子发晒伤自拍，但今年的自拍热潮尤其猖獗，这还得从一条毛绒绒的男人大腿说起——
42	[热点]	[阵亡 全怪 发图 蜜汁]	【蜜汁尴尬5手机里最后的妹纸照片】	蜜汁尴尬系列阵亡！全怪你们不发图！
43	[红酒]	[社交 商家 平台 分享 商品]	【国美+公司简介】	国美+是美信网络技术有限公司推出的一款社交电商APP，以分享为核心，将社交与购物进行链接，专注于为用户提供更有品质的购物及社交体验，同时为商家提供更有效率的商品销售平台。如果您是用户，在国美+：您可以找到全品类的优质特惠商品；您可以一键向朋友分享心仪的商品、达人、话题等平台上的任何东西；您可以推荐朋友使用、或推荐商家入驻，得到奖励的同时助力国美+成长；您可以成为达人经营美店，让国美+的全体商家成为您的供货商。如果您是商家：国美+有热爱分享的消费者；国美+有帮您分销的社交达人；国美+有丰富的全平台促销活动；国美+是您与消费者沟通的桥梁。国美+，优品悠生活。
44	[服装]	[搭配 外套 单品 款式 当红]	【穿上牛仔，去征服世界！】	作为整个春日里最实用百搭的单品，牛仔外套一直占据了你"买买买"的清单了吧？今天我们就来让当红女明星们为你做个示范：怎么穿牛仔，才能去征服世界！我们先来看看国内当红女星们最爱的牛仔衣款式都是怎么样的？范爷不论是私下或是台上，都对减龄的牛仔外套情有独钟。尤其是有着卡通元素装饰的，深受她的喜欢。从款式上来说，Oversize更适合像她那种微胖的女生，而“牛仔X牛仔”也是她拿手的搭配法则。大幂幂更是对Boyfriend风的牛仔外套钟爱有加，为了防止娇小瘦弱的身材被淹没，不妨学习她搭配紧身Leggings，“上松下紧”搭配刚刚好。唐嫣也是牛仔外套的忠实粉丝，既有用修身的短款搭配阔腿牛仔裤，又能驾驭羊羔绒拼接的潮爆款式，年轻的气息无处不在。袁珊珊在2016秋冬伦敦时装周期间，也演绎过两款LEE的牛仔外套，或是复古做旧款搭配条纹单品、或是深蓝色成套搭配，呈现出完全不同的两种感觉。
45	[多肉]	[选手 发送 奖励 领奖 方式]	【端午赛龙舟：TOP100终极排名，大奖揭晓】	开奖啦！首届国美+APP端午赛龙舟大赛已圆满完成。谢谢各位选手的积极参与，目前TOP100榜单已经产生（如下图）恭贺以上选手上榜，凡上榜者可获得相应高额购物券奖励，未上榜的选手也可领取10元购物券奖励，具体领奖方式如下：领奖方式：本次奖项发放采取选手主动申请的方式展开。TOP100榜单的选手发送私信（用户名称+排名+手机号）给“龙舟小二”（点左上角头像进入圈主个人主页，发送消息即可）。未上榜的选手直接发送私信（用户名+手机号）给“龙舟小二”。截止时间为6月14日24:00。购物券将在2个工作日内发送到选手的账户中。注：未在规定时间内发送领奖申请的选手，将视为自动放弃奖励诸如此类互动有奖活动，国美+APP以后不继推出，希望大家一如既往的支持，踊跃参加。活动不断，惊喜不断。
46	[街拍]	[]	【透哦】	
47	[服装]	[大笑 喜欢 味道 品味]	【】	抽了风的品味。[大笑][大笑][大笑]喜欢的味道。
48	[单反]	[手机 业务员 配置 背照式 像素]	【还记得当年曾卖4000多的单反手机吗？】	最近突然遇到了曾经心仪的三星GALAXYKZoom，这款几乎像是相机的手机，曾经发布的时候要4000多，但是如今却只能在保险业务员手中看到。采用了1/2.3英寸2070万像素背照式CMOS感光元件，加上10倍光学变焦镜头，这样的配置对于手机来说可谓独此一家。但后来，受制于摄像头的限制，也不符合用户对于手机更轻薄的需求，因此三星在此后也逐步放弃了该系列的研发。
49	[零食]	[皇上 化身 狍子 现场 蹿红]	【美食成精，化身“咖妃”】	还记得那年宋小宝化身“咖妃”，一句“后宫佳丽三千，皇上就独宠我一人~~”红遍大江南北。本周在综艺节目上鹿晗KO宋小宝之后，现场模仿了“雨露均沾”的片段，傻狍子本色尽显，由此网上就炸开了!“雨露均沾“体蹿红指数up!up!up!
50	[零食]	[零食 超市 经历 机会 坐火车]	【#晒出你最爱的零食#就有机会获得50元现金券哦~】	你肯定有过这种经历吧！下课跑到楼下超市买个小零食，办公桌抽屉里要塞满各种吃的，家里面有一个专门的柜子是放零食的，坐火车或者飞机的时候都要提前去超市转一圈买点零食，又或者是不开心得时候大吃一顿就会消气。那么你经常买的零食是什么？你最爱的零食是哪些呢？只要晒出你最爱的零食与大家分享，有机会获得50元现金券哦~
51	[零食]	[舌尖 好吃 增加 主打 颗粒]	【六花亭纽扣巧克力，根本不舍得吃】	岛国出品“又好吃又好看”“让你根本无法拒绝”的六花亭，每次的新产品都被小红薯称为“萌系少女杀手”，吸睛能力百分百！主打“品味人生滋味”的8种口味巧克力片，改变了巧克力一贯的块状和颗粒装，做成纤细的片装，像马卡龙一样装在盒子里，八种颜色简直美到不行！4种水果味：西番莲、芒果、草莓和树莓，在柔滑的甜味中增加了酸酸的口感，十分清爽；偏甜的抹茶味和枫糖味也一点儿也不会腻，反而和风十足；加上醇厚的红茶和淡淡的苦味黑巧，8个味道八种体验，每一片都入口即化“柔和细腻”，纽扣的大小让舌尖完美感受！
52	[纤体]	[获奖者 兑换 微信 获奖 发送]	【4.27#天天福利DAY#有奖活动话题获奖名单】	获奖名单如图，祝贺以下小伙伴们！所有获奖者均可获得剃须刀一份（奖品以实物为主），前50位获奖者还可获得额外门店好礼一份！没有获奖的小伙伴不要灰心，更多活动每日更新哦~1、请所有获奖者在4月29日14:00之前私信【个人姓名+电话+地址】给“菲菲想很多”（点击左上头像进入圈主个人主页，发送消息即可），奖品将在5个工作日内寄出，请保持手机畅通。注：未在规定时间内发送个人信息的获奖者，将视作自动放弃奖励。2、另请前50位获奖者关注国美+官方微信订阅号（保存下图二维码至手机相册，在微信中打开扫描识别此二维码关注哦），回复【门店领奖】获取线下兑换步骤及注意事项。兑换有效期为自获奖公布起7日内，大家抓紧时间哦~
53	[养猫]	[盘子 宠物 美国 食物 打闹]	【猫在乎主人吗？】	教大家如何判断猫爱不爱你！挑战美国权威实验！证明猫和猫是不一样的！美国节目《萌宠大作战》里的科学实验。试验方法是放两个盘子在宠物对面，一个盘子里食物很多，一个盘子里仅有一个食物。宠物主人在食物少的盘子前做出召唤，看宠物选择食用哪个盘子中的食物。狗果然是被驯化了几万年的神宠。每一只狗都毫不犹豫的走向了主人在的那一边。那猫呢？每只猫都选择了食物多的那一边。哈哈哈哈哈哈！！！各位铲屎官也可以来实验一下！猫和狗是否能一起养？猫狗可以一起养，只要时间够长，他们会摸清对方的脾气。如果从小一起养，会相处得非常和谐，自然萌生家人感。猫狗之间的追跑打闹其实也是增进感情的一种方式，因为两只猫或者两只狗在一起，也是要玩这一套的。
54	[单反]	[照片 故事]	【微观小人国的故事】	你让我用照片讲一个故事，那么我就用这样的小人给你讲一个故事。
55	[服装]	[面料 理念 主理 縫紉 加工]	【鈴木卓爾「ts(s)」2016Spring/Summer】	鈴木卓爾「ts(s)」2016Spring/Summer，正式入駐RADIANCE。與其兄鈴木大器主理的EngineerGarments對於服裝結構和層次的理念類似但是面料的開發方式完全不同，ts(s)全線使用的面料都是在小型紡織廠進行客製訂織，成衣的縫紉加工全數在日本完成。
56	[徒步]	[旅行 照片 分享 敬请 用户]	【PO旅行美照，拿现金券】	都说镜头是心灵的眼睛，拍照是展现每例个体看待世界的独特视角每一个热爱旅行的人，都会用镜头去定格旅行中温柔的瞬间那么，我们就举办一届旅行圈“晒旅行照”活动，大家把旅行中的点滴以照片的形式分享出来！活动时间：4月5日-4月9日参与方式：加入“穷游儿”圈子，发布话题时上传自己的旅行照，标题需带上#晒出旅行照#标签奖项设置：抽取3名幸运用户，送上50元现金券中奖名单：4月9日15点公布中奖名单，敬请关注。获奖用户除了会获得奖品，他的旅行照还会被进行特别展示哦！晒照要求:图片内容必须是旅行出游的原创照片，风景人物不限小编先分享一张今年在日本玩时拍摄的照片哦，迷之感动！
57	[养狗]	[微笑]	【我想养条哈士奇[微笑][微笑][微笑]】	哈士奇真的很二，你们知道吗？！[微笑][微笑][微笑]
58	[音响]	[设计 风格 声音 采用 品牌]	【2000-3000元随身HIFI推荐】	七彩虹C10，木质外壳。外观上，它基本延续了上代产品C4的设计思路，依旧采用了木配金属的风格，只不过抛弃了以往古旧的黄铜风格，在配色和结构设计上都更现代了一些，木壳背部的品牌刻花是点睛之笔，显得逼格满满。C10采用了按键为主的设计，音量调节部分沿用了C4的滑块设计，在现有的播放器中是相当传统的，准确性尚可，然而由于没有锁定功能，有误操的可能性，一旦音量过大那还真是有点吓人。C10拥有PO口和LO口双输出，能够捆绑其它品牌的耳放使用。平心而论，UI是C10的一大痛点，其实C10的功能设置并不复杂，然而UI却有些“反人类”。C10的团队是比较注重设计感的，这一点从UI的设计风格中就能体现。然而，在实际操作上，这种“个性化”设计却让消费者头痛不已，至少，我就常常在“上下左右”四个按键之中不停的徘徊。初听，C10的声音风格与C4类似，是一种比较有线条感的调音。我先使用了MX985，这条耳塞的风格均衡，且横向声场较大。一首《大河之舞》，声音的层次感和细节还是很明显的，声场依然是横向较为开阔。八只眼组合《达坂城姑娘》，方向感比较明显，然而四位男艺术家的声音并不宽松，那种自由奔放的感觉并未体现出来。小提琴声穿透力强，但太过尖锐，美妙的泛音也未能全部展现。王菲的一曲《天空》，声音较为空灵，穿透力很强，但总体问题还是圆润程度不足。换上阻抗为300欧姆的HD650，C10的硬朗风格与HD650的浑厚起到了一定的中和作用，因此，声音圆润了许多。毕竟是随身设备，C10的推力并不算强，HD650大约只发挥了6成的功力，细节处理略显疲软，但整套搭配并不算难听。或许，喜欢硬线条风格的圈友们会对C10感兴趣吧。
59	[单反]	[X光 动物 拍摄 画面 身体]	【当X光遇上摄影】	提到X光你会想到什么？地铁和机场里各种繁琐的安检，还是在医院检查身体时可怕的辐射？你是否想过，除了这些诡异的黑白画面，X光还能玩出什么花样？荷兰物理学家阿里·凡特·里尔特（Arievan'tRiet）在一次为朋友用X光机拍摄一幅绘画作品的时候，突发奇想，把这项“性冷淡”的技术变为制造艺术的工具。他开始拍摄大自然中的动植物，并在后期处理中为这些平淡的黑白影像上色，让画面更具生气。最初，里尔特的拍摄对象是一束的郁金香。用X光拍出来的只是一张黑白底片，里尔特把它扫描到电脑里，然后在Photoshop中上色。看到照片的人告诉他，这就是艺术，“所以我就这么成了艺术家”，在谈到画面中这些动物时，里尔特严肃地说道：“这些动物都是早已死亡的，让活着的动物暴露在X光照射的危险之中是不道德的。”
60	[跑步]	[等待 男子 冠军 领奖台 距离]	【飞人博尔特三届奥运包揽九金，牙买加闪电完美奥运之旅落幕！】	“飞人”博尔特在拿下100米和200米冠军之后，在昨晚凌晨拿下个人里约第三金。4×100米接力，力压美国队。然获得第四名的中国队更加值得掌声。汤星强、谢震业、苏炳添、张培萌组成的中国队排名从第五上升一位，来到第四，距领奖台仅一步之遥，距离历史仅一步之遥。第四名又如何，他们一直在进步。东京，我们在等待奇迹的诞生。而博尔特这样的一个奇男子，他用自身证明了一句话：无敌是多么的寂寞。在200米决赛中，他就以绝对优势第一个冲破终点，连续第3次夺得男子200米冠军，豪揽职业生涯奥运会第八枚金牌...同时也再次通过镜头诠释：跑得快是多么的寂寞...（注意看他对手的位置）
61	[徒步]	[行走 旅行 生活 感受 休闲]	【旅行是一味令人眩晕的毒药！】	从一个人的旅行到二个人的狂欢到三个人的休闲旅行变成了我生活的一部分行走在路上感受那份舒适！
62	[徒步]	[小时 山顶 值得]	【#我的旅行照#紫金之颠南京】	在山顶被冻两小时是值得的
63	[手串]	[放大 蜜蜡 过渡 三者 人造]	【找个图给大家讲讲什么是人造蜜蜡】	找个图给大家讲讲什么是人造蜜蜡，先上的第一个图是是我中午在阳光下拍的天然蜜蜡的照片，我也放大一下，大家对比一下，特别是纹理的过渡。第二张是标准的人造琥珀，这种做的属于品质差一些的，品质好的，对于新手，可能分辨起来要难一些，不过，放大图看，还是有上图的特征，大家看，我放大了图，可能不是很清楚，但细看特点，首先，纹理很凌乱，没有我们说的流动感，第二，纹理之间过度特别生硬，天然的蜜蜡，珀蜡冻三者之间过渡特别流畅，特别是密度高的老蜡，在强光放大下，更能看得出这个特点，仔细看，几乎没有过渡，像是牛奶倒入咖啡里，没有搅拌的感觉。看第一张图的纹理，蜡冻珀，三者交界处，明显与那两个珠子是不同的。希望，通过这个帖子，让很多人明白人工与天然的区别，现在个别二代蜡做的很好，但是，经过强光放大，还是有这个特点的。
64	[纤体]	[]	【利库路特咯组图一组图张岩住图图张艺严玉兔兔兔糖旅途兔兔天张艺严舞台路口图图五一快乐健健康康】	http://m.gomeplus.com/webApp/home/index.php
65	[手串]	[牙膏 算是 直播 小时 砂纸]	【成果展示~迷之自信】	就是图里面的这个小东西，已经磨了四个小时，算是直播中~~~一开始用砂纸磨了半天，也没下去多少。又改成板挫，定好型后，再用砂纸，目前牙膏还没用，，晚上继续。。。。
66	[养狗]	[微笑]	【我想养条哈士奇[微笑][微笑]】	我想养条哈士奇，谁有啊？[微笑][微笑]
67	[手串]	[纹理 老蜡 希望 蜜蜡 特征]	【找个图给大家讲讲什么是人造的蜜蜡】	大家看一下，上面的两张图，是标准的人造蜜蜡，这种做的属于品质差一些的，品质好的，对于新手，可能分辨起来要难一些，不过，放大图看，还是有上图的特征。首先，纹理很凌乱，没有我们说的流动感第二，纹理之间过度特别生硬天然的蜜蜡，珀蜡冻三者之间过渡特别流畅，特别是密度高的老蜡，在强光放大下，更能看得出这个特点希望，通过这个帖子，让很多人明白人工与天然的区别。现在个别二代蜡做的很好，但是，仔细观看还是能看出问题的
68	[零食]	[放入 洋葱 倒入 方块 金黄色]	【【回家吃饭】牛肉番茄土豆浓汤】	1.牛腩切成方块，放入锅里，倒入冷水煮开，撇去浮沫；2.酸柑一切为二，放入锅里，加入料酒，小火炖制15分钟；3.胡萝卜、西红柿切滚刀块，洋葱切片；4.牛肉炖香之后，放入胡萝卜和洋葱继续炖制；5.另取一口锅倒入油烧热，放入洋葱煸香，下入西红柿，加入番茄酱翻炒均匀，然后倒入炖牛腩的锅里，小火炖制半小时；6.土豆切方块，下油锅煸炒至微金黄色后盛出备用；7.将土豆放入锅里炖熟即可
69	[零食]	[男同学 吸引 惊叹 忍不住 发出]	【处女咬下的极品茶叶？自古处女多奇效，今年最火“口唇茶”】	“处女”+“C罩杯”！“口唇茶”如此香艳之炒作，想必是吸引了不少宅男同学的眼光。即便是见多识广的老司机也忍不住发出惊叹：处女竟然还有此等神奇用途！？
70	[纤体]	[风景 看好 坏天气 心情]	【坏天气看好风景，有好心情】	坏天气看好风景，有好心情
71	[街拍]	[爸妈 脚步声 绝技 狗血 爱情]	【盘点历来影视剧中的那些撩妹撩汉技能...】	小时候为了偷看电视，跟爸妈斗智斗勇电视机降温法听楼道脚步声的绝技趁爸妈睡着爬起来................所以，从小就看了一肚子的爱情狗血
72	[美妆]	[橙子 抢购 味道]	【#超值橙子很美味#】	之前抢购的橙子，味道非常不错。
73	[街拍]	[话题 听说]	【发个话题，看看有没有人】	听说这个发话题挺好玩的
74	[纤体]	[咖啡 花式 热量 速溶 能装]	【宋仲基：我不喝咖啡、我只喝矿泉水】	我们广大女同胞就最爱喝，星巴克的各种花式咖啡了，下午工作疲了累了来一杯星爸爸，既能装逼又能赶走疲劳，关键是还好喝啊。那为啥男主不喝冰咖啡呢？看了男主那健美的body我懂了！【他不喝冰咖啡是有道理哒。】首先来说说冰咖啡，这里说的是花式咖啡。那什么是花式咖啡呢？花式咖啡，就是加入了调味品以及其他饮品的咖啡，最常见的如拿铁、摩卡、焦糖玛奇朵、卡布奇洛等。想想都恨不得马上把它们喝进嘴里呀。但是先别急，花式咖啡中最常见的添加物包括：咖啡末、糖浆、全脂牛奶、鲜奶油、焦糖、巧克力糖浆等等，都是让你越喝越胖的元凶。而你们老公仲基当时是被派遣出国公干的，在那种贫穷、落后、荒芜的条件下，冰咖啡估计也是速溶的。简单的查了一下，在韩国最受欢迎的速溶咖啡，其实它的热量可是相当高的，你们老公肯定是不肯喝的啦。再来说说想减肥的宝宝们，一杯咖啡冻雪糕（200ml）热量，就高达542大卡，喝完一杯肚子还没饱，但已经相当于一顿正餐的热量啦。减肥期间总不能为了喝一杯咖啡，而少吃一顿吧。所以我们也应该像宋仲基欧巴学习，多锻炼少喝冰咖啡哒~
75	[零食]	[眼睛 电脑 环境 干眼症 眼部]	【低头族如何护眼？每天四杯茶远离电脑侵害】	现在的上班族，不管是工作还是回到家，已经离不开电脑了，如果连上下班时也要长时间盯着手机看，眼睛会受不了的。尤其是在公交车这样晃动的环境中，眼睛高度紧张才能不停地捕捉到固定目标，给眼睛造成很大的负担。过度用眼，会造成眼胀、刺痛、干涩等眼部不适，严重者会引发干眼症或眼部炎症。医生特别提醒，除了爱玩手机的上班族，中小学生用眼也要特别注意，眼睛要重点保护。近距离用眼过度，同样会对人的眼睛造成严重伤害，轻者会出现视觉疲劳、眼睛发酸、发涩等症状，严重者可能会导致眼睛胀痛，甚至造成近视、干眼症或者青光眼急性发作等疾病。不用担心，其实每天四杯茶，不但可以对抗辐射的侵害，还可保护眼睛。在电脑环境当中水是必不可缺的养分供给品，爱美的女性们都会在自己办公桌抽屉里藏着各式的茶包让自己喝出美丽健康。只要选择对的茶，你就能不再害怕电脑的毒害了。1、上午一杯绿茶：绿茶中含强效的抗氧化剂以及维生素C，不但可以清除体内的自由基，还能分泌出对抗紧张压力的荷尔蒙。绿茶中所含的少量咖啡因可以刺激中枢神经，振奋精神。不过最好在白天饮用，以免影响睡眠。
76	[零食]	[生活 闪电 总会 不吃 辣椒酱]	【无辣不欢大胆吃，各种辣椒酱的做法！】	辣味是拯救平淡生活的一道闪电，许久不吃总会想念。今天食小货来教大家如何把红红火火的辣椒做成各式各样的辣椒酱！COME！火辣火辣的！
77	[养狗]	[微笑]	【哈士奇，二哈……[微笑][微笑]】	我想养条哈士奇，谁有啊？[微笑][微笑]
78	[纤体]	[害怕 只能 奔跑 跌倒 长大]	【明天，你好！】	长大以后，我只能奔跑…我多害怕黑暗中跌倒
79	[徒步]	[出游 获奖 名单 时间 用笔]	【我的出游准备清单】	五一小长假就要来啦，大家是不是都在计划着一次愉快的旅行？小编最知道你们想的是什么啦~所以！在这个最适合出游的时间前推出一个活动，小伙伴们要听好噢活动时间：4月18日-4月24日参与方式：大家用笔写下自己出游需要准备的物品和装备，把清单拍张照回复至本话题奖项设置：选出5位出游清单搭配得最好的用户，送上50元现金券！获奖名单：4月24日18点公布获奖名单，敬请关注。晒完清单，熬过这几个工作日~大家就可以迎一路明媚，身处一场肆意的旅行中啦！[YY]
80	[美妆]	[睫毛 睫毛夹 化妆 刷头 像是]	【教大家怎样才能打造出孔雀开屏般的卷翘睫毛】	彩妆是化妆界里的艺术。化妆工具和化妆品就像是画笔和颜料在脸上作出一幅画。今天小编教大家怎样才能打造出孔雀开屏般的卷翘睫毛。一起来看看!孔雀开屏般的卷翘睫毛diy关键：睫毛夹弧度决定睫毛的翘度很多人抱怨睫毛怎样都夹不翘，是因为使用了不合眼型的睫毛夹，挑选睫毛夹必须注意以下事项：1.试夹时，睫毛夹两侧不能卡到眼眶骨头2.要能一次夹到所有睫毛。3.软垫要有弹性，不可太软。stepbystep：1.先用局部睫毛夹将最难夹的眼尾、眼头夹翘，让睫毛卷翘无死角。如果最后才用局部夹，会让睫毛角度乱掉。2.再用一般睫毛夹分睫毛根部、中段及尾端夹翘，夹到愈尾端，睫毛夹也要同时顺势往上提，才能夹出圆弧型漂亮睫毛，否则睫毛会成不自然的直角状。3.刷睫毛膏之前先将刷头多余的膏液清乾净，这可是睫毛不纠结、不易沾到眼皮的重点。
81	[多肉]	[]	【生活无处不波澜】	讨论一下生活中那些让你心起波澜的事儿…[YY]
82	[明星]	[颜值 翻拍 公布 步步 主要演员]	【韩版《步步惊心》画报来啦！高颜值team吸睛又提神】	近日，翻拍自中国《步步惊心》的韩版《步步惊心·丽》公布了8位主要演员李准基、IU、姜河那、宗玄、EXO伯贤、南柱赫、志洙、尹善宇的画报，高颜值team净化眼球~
83	[纤体]	[健身 避让 肌肉 受伤 增加]	【健身的路上记得绕过雷区】	前方红灯亮起，这是在提醒你，Hi健身路上的猛男和靓女，注意啦，遇到雷区一定避让。过于要强和盲目，最容易受伤的方法就是举过大的重量。在增加肌肉力量的同时，安全的方法是循序渐进。并且记合理订制一套健身方案。
84	[纤体]	[抢走 害怕]	【热恋是怎样一种体验】	两个长得像一样的人，还害怕对方被抢走…
85	[纤体]	[烧烤 韩国 围裙 聚会 烤肉]	【呼朋唤友烧烤季：自己如何做出流口水的撸串盛宴】	一年一度的撸串盛宴正在缓缓拉开序幕，休闲娱乐撸一顿，聚会郊游烤一烤，你一串，我一串，感情就这样跟着升华了。想吃烧烤，店里面的自然没有自己做来的有意思，家里来一场小型烧烤，或者呼朋唤友，到户外来一场烧烤盛宴，想起来都激动呢。喷油瓶：主要是用于烧烤的，或者家里有烤箱的，因为烤东西的时候需要刷油，但是刷油通常刷不均匀，喷油瓶就能很好地解决这个问题，可以喷的比较均匀。户外烧烤炉:设计粗犷、制作精细；原生态碳烤风味、多档位可调升降；拆装简易、车载便携，由君选择；烤网、煎盘、烤签，一体配合，功能百变。大喜大韩国烤肉酱:很好吃的一款酱料。带有浓厚的韩国味道。有别于国内的一些烤肉腌料！吃过一次还想吃！喜欢吃韩国烤肉的朋友，可以在家尝试一下。烧烤中士BBQ围裙：聚会负责烧烤的家伙通常是最缺衣少食的人，BigMouthInc的这款烧烤中士BBQ围裙能让烧烤炉旁边的它好过一点，起码能喝酒吃肉。
86	[美妆]	[能力 女性 推荐 黏糊糊 没抱]	【亲戚每月都来，你用什么招待大姨妈？】	女人一生要流血的重量等于自身体重的六倍，除此之外，她们还具有明显和迷人的胸前第二性特征，孕育下一代的能力，与男性同等的学习能力、工作能力、甚至彪悍的政治能力，所以，“男性终将灭亡，女性统治世界”这个理论，我一直是相信的。可是，有一件事情确实拖了女性的后腿，那就是大姨妈的每月造访，这个事情，说来也能克服，最难受也就那24-48小时，但黏糊糊的感觉常伴左右说起来也是真心烦。今天的话题围绕此展开，亚洲女性惯用的卫生巾，各位姐妹就推荐了一大堆，还有那些用过之后号称“打开新世界大门”的卫生棉条也占据了半壁江山。别着急，都买来试试，总有一款适合你。推荐品牌：always推荐人：子小先先贝头回用这个卫生巾之前我一直以为这货真的是液体的，然而打开一看干干爽爽，除了更轻更软更薄，与普通卫生巾并无二致，实话说有点失望，姑且用用看吧。因为并没抱太大期待，“咕咚咕咚咕咚”几大口过后（你们懂我在说什么对吧），我十分忐忑地夹着腿往厕所奔，像平时一样小心翼翼往下一看——纳尼！刚才的咕咚是真的么！为啥只有一点点红！因为看起来就像没用过，换的时候觉得自己好浪费。直到准备卷起来丢垃圾桶，才突然发现这货背面已经“满江红”了！忘了在哪里看到过一句对它的评价——“就像姨妈不曾来过”，深感实至名归。讲真，我从没想过自己会恋恋不舍地拿着一片用过的卫生巾端详辣么久。夏天闷热的问题，我只能说它比普通卫生巾感受要好，毕竟薄太多，但指望用它给你的“小妹妹”开空调就不太现实了。但是这个卫生巾用起来真的让人觉得安全安心，量特别大的时候我会配合一个棉条来用，从此不再担心霸气侧漏，值得一试。
87	[街拍]	[北京 代言 潮流 牌子 错过]	【擦口水，轻添屏！权志龙到北京车展撩妹啦！】	我作为一个妹子，本来对车展一点好奇心都没有，只知道顺义那边因为这事交通变得很拥堵。然而，在今天下午看到自己的朋友圈被刷爆后意识到，尼玛我哪是错过了一次车展，我这是活生生的错过了一次明星见面会。包括贝克汉姆、权志龙、吴亦凡、范冰冰、高圆圆、邓超、周杰伦、昆凌、冯小刚、汪涵……反正我已经数不过来了，将亮相展馆为各自代言的品牌站位。怪不得今日门票已经炒到了8000了！其中我最喜欢的就是Bigbang队长——GD权志龙，他现身车展代言北京现代Verna全新小型轿车。北京现代的土豪套路就是，谁是国民老公谁最火，我就统统一一请来。GD是火遍全球的创作型全能艺人，一个潮流圈“闻风丧胆”的时髦精，一个穿什么牌子什么牌子火的神奇体质，一个逛个街就能撞见N个穿他同款的爆款Maker！他的名字就是标签，代表了他独树一帜被众人“尾随”的潮流风格。宋慧乔、李易峰、章子怡、罗志祥、Angelababy、TFBOYS、蔡依林、韩红、邓紫棋、陈伟霆等超多明星都是他全球千万粉丝VIP中的成员。北京现代请到他来代言这款车，简直是抓住了现在小女生们的痛点。像我这种平时不爱车只爱帅哥的人，也希望能够拥有这款车，就是请问买车送人吗？！！！GD虽然在车展上现身不到五分钟，但是现场图片还是让我舔屏很久。——原来车展不只是车，连星光都这么的耀眼，没钱没势没去成的我，继续爱心眼舔屏一会吧……——
88	[多肉]	[温度 狗狗 现象 过程 变换]	【狗狗凭什么爱掉毛】	有关狗狗的掉毛是一个争议性的问题，不同的主人们纷纷都有自己的见解。下面，狗狗网小编来带您一同了解下，狗狗在什么情况下会掉毛迷你贵宾1.换季造成的掉毛：狗狗会通过自身的调节来应对季节变换造成的温度差异，因此当温度升高或降低时，狗狗会进行正常的换毛来适应温度。所以换季时候狗狗大量掉毛属于正常掉毛现象。尤其春天、秋天进行换季的时候，通常狗狗的掉毛量都非常大。比熊犬2.成长过程中的掉毛：正常的新陈代谢，也会造成宠物的掉毛现象，同人的头发一样，不断的生长、死亡、脱落、更替。另外部分品种的爱宠在从幼年期到成年期的过渡过程中，也会有换毛现象。
89	[手串]	[正法 护持 文化 历史 人物]	【佛教十八位尊者】	十八罗汉是指佛教传说中十八位永住世间、护持正法的阿罗汉，由十六罗汉加二尊者而来。他们都是历史人物，均为释迦牟尼的弟子。十六罗汉主要流行于唐代，至唐末，开始出现十八罗汉，到宋代时，则盛行十八罗汉了。十八罗汉的出现；可能与中国文化中对十八的传统偏好有关。
90	[纤体]	[担心 跑步 锻炼身体 不用 晒黑]	【为什么要夜跑？】	①夜跑更被广大女性跑者所接受，因为夜晚凉快，更重要的是紫外线辐射又比较少，可以不用担心因为跑步而晒伤、晒黑，再也不用担心变成灰姑娘，甚至黑姑娘啦。②夜跑是上班族的最佳选择，早上难以苏醒、懒得起床，白天过于繁忙导致他们没有时间去跑步，而晚上既不会影响工作，又可以锻炼身体、减肥瘦身。
91	[美妆]	[别致 少女 汉子 抵挡不住 小包]	【别致小包包你还是应该收一个的】	我们茹凉心里都有着童话般的美梦，这或许来自女生的天性。少女心萌发的时刻到了，即使你的外表再过女汉子，也抵挡不住别致小包包的诱惑。给平淡的生活添点儿色，点缀一下有趣的生活也好。
92	[茶]	[约会 记得 世界 照片 聊聊]	【是你的美貌，让你看见这条福利帖】	距离小美扬言要成为你的哆啦A梦已经过去好几天了，所以这几天一直在认真研究，该如何带你装逼，带你飞。SO，小美我憋出了好几个大招，准备让惊喜一波一波向你袭来。请记好时间，然后，和我约会吧！4月5日周二和“美食”有个约会如果说世界上有什么事情是一顿饭解决不了的，那就两顿。周二，我们一起聊聊好吃的，好喝的，然后赢个好礼。4月6日周三和“照片”有个约会如果说世界上没有东西可以留住美好，难道你没拍过照片么？那些甜蜜的拉轰的搞xiao的好皂片，都拿上来显摆吧，然后赢个好礼。4月8日周五和“机智”有个约会如果说我用颜值不能征服你，那我就用智商调戏你！欢迎谢尔顿们，水哥们和我来个抢答，拼个人品，然后赢个好礼。4月5日-4月9日和“旅行”有个约会如果说世界那么大，你要去看看，那就去吧！记得拍个照片回来，顺便拉个仇恨，顺便赢个好礼。先预告到这里，记得盛装出席哦！不见不散！
93	[服装]	[绳子 绑带 捆绑 衣服 绑起来]	【当下最流行“捆绑”？一根绳子系出百般性感，还不快把自己“捆”起来！】	“幺蛾子”的时尚圈在这个夏天淋漓尽致的表达了一把对绳子的热爱，并且一浪高过一浪，在配饰上加入“捆绑”元素已经满足不了的“时装精“们，这根绳子被玩出了新花样，直接绑在了衣服上！绑带上衣绑带裙横空出世，也是火得不得了！夏天这么热，干嘛还把自己绑起来？还不是因为这根“绳子装”太性感啦！
94	[养猫]	[]	【小兔兔们和小花猪是否可爱？】	下班看到的，随手拍！大家清明节快乐
95	[手办]	[选手 奖励 发送 领奖 上榜]	【端午赛龙舟：TOP100终极排名，大奖揭晓！】	开奖啦！首届国美+APP端午赛龙舟大赛已圆满结束。感谢各位选手的积极参与，目前TOP100榜单已经产生（如下图）恭喜以下选手上榜，凡上榜者可获得相应高额购物券奖励，未上榜的选手也可领取10元购物券奖励，具体领奖方式如下：领奖方式：进入TOP100榜单的选手奖励会在两个工作日内发送到您的账户中。未上榜的选手直接发送私信（用户名+手机号）给“龙舟小二”（点左上角头像进入圈主个人主页，发送消息即可）。截止时间为6月15日24:00。购物券将在2个工作日内发送到选手的账户中。注：未在规定时间内发送领奖申请的选手，将视为自动放弃奖励诸如此类互动有奖活动，国美+APP将不断推出，希望大家一如既往的支持，踊跃参加。活动不断，惊喜不断。
96	[多肉]	[制服 画风 逗比 芝加哥 提起]	【涨脸！美国芝加哥一哈士奇当上了搜救犬】	每当人们提起哈士奇都会想起二哈的傻缺举动和逗比的表情，但是有一只生活在芝加哥的哈士奇它可是货真价实的工作犬。哈士奇虽是最好的雪橇犬在雪地拉雪橇可是力气活，不过你真以为哈士奇真的就是四肢发达头脑简单吗？对不起，你可能错了！生活在芝加哥的哈士奇Takoda今年三岁了。在主人捡回它之前，Takoda一直在街头流浪。Takoda像很多哈士奇一样有一对蓝色的眼睛，正经起来很帅，逗比起来很搞笑。安静下来正常画风的Takoda穿着制服还是蛮有精神的~
97	[茶]	[关注 回复 建议 微信 意见]	【国美+给您送红包来啦~】	国美+上线已有一段时间啦，小伙伴们有什么欲一吐为快的使用体验吗？有的话，赶紧来关注国美Plus微信公众号吧！最近，那里都发出去20个大红包了，还有20个在等你们，不去看看吗？活动具体如下↓国美+有奖意见大征集大家对国美+APP有什么使用心得与建议？赶紧提出来吧！国美Plus每周将抽取10名幸运小伙伴，送出8.88元大红包哦~活动时间即刻起至4月25日活动奖品每周抽取10名幸运粉丝获得神秘红包大奖参与规则1．关注国美Plus官方微信2．在官方微信公众号里回复关键词意见+你对国美+APP的使用体验或建议+你的手机类型+系统版本即可，欢迎畅所欲言！ps：请注意回复格式要正确哦~火眼金睛的参赛小能手们，一大批红包正在等你们来翻牌哦~识别下图二维码，关注国美Plus微信公众号，回复意见领取红包吧！
98	[茶]	[签到 奖励 活动 搭建 圈子]	【你打卡我送礼】	签到啦~国美+刚刚上线，加入圈子的彼此肯定很陌生，那么小编就为大家创造个机会啦~快来参加签到活动让我们先混个脸熟吧！签到规则：每日15:00前，在本话题回复即可签到。4月5日-8日连续签到4天的用户会得到国美+为大家提供的现金券哦~第二三四天签到时，大家只需签在各自第一天签到时的楼层就好。这样小编可以很直观的看到亲们在同一楼层连续签到4天噢活动结束后，官方公布获奖用户名单，亲们要知道有一天断签就不作数了噢签到奖励：国美+为大家提供的50元现金券奖励是不是很大！小编先去签个占一个奖励哦，想要奖励的你们快来~小伙伴们除了可以参加签到活动，还可以创建或加入自己喜欢的圈子，与大家共同交流分享经验，搭建属于自己的兴趣部落～
99	[街拍]	[趴倒 不知 归来 闺蜜 创造]	【如今拍个婚纱照摄影师也是够拼的】	新人婚纱照归来都要跟闺蜜叫苦不知多少日，有没有人考虑过摄影师的状态。新娘新郎不容易，摄影师更不容易，特别是想要搞点创意什么的，每一个摄影师都是在用生命去创造作品呢。趴倒功算是最基础性的。
100	[美妆]	[]	【#男朋友觉得你的化妆品多少钱#】	思考了很久觉得这张图要单独放出来。来自直男朋友
101	[养猫]	[]	【家有主子Esther】	总被人问你叫狗长大好特别。我们是猫好吗[抠鼻]
102	[黑科技]	[情景 车身 舱门 模型 发动机]	【fov绝版800681:32苏联T-34/85坦克】	No.80068二战苏军T-34/85中型坦克（KMDBT-34DiecastModel,SovietArmy,Prague,Czechoslovakia,1945）车轮履带可转动，车身及炮塔顶部舱门可开关，发动机舱门可开关，带简单发动机舱内构模型尺寸：含炮管全长约24.5厘米，车身长约18.5厘米，宽约8.8厘米本款是世界顶级军模品牌ForcesofValor的二战经典战争系列产品——苏军T-34/85中型坦克，做工细腻，带兵人及其它道具、附件，便于制作情景，适合独立展示摆放。1:32大比例军事模型气势宏大，每台车辆都达20～30cm，制作成情景/场景更具有震撼效果，作为居家摆设装饰、陈列展示既赏心悦目，又能吸引不少艳羡目光哦！
103	[音响]	[有线 丹麦 风格 设计 佩戴]	【漂亮的B&OH6】	B&O的耳机是丹麦极简设计风格颜值绝对没话说。我觉得H6比H8戴着舒服，不会压耳朵可以长时间佩戴然后有线的比无限要轻很多然后主要是颜值高……当然有线的比无线的方便很多有线的走哪挂哪还是麻烦。音质也超棒的虽然我是伪音乐粉！
104	[手串]	[泥料 网眼 炼制 原始 表面]	【解读冲浆，与“无朱不皱”唱反调】	冲浆：顾名思义，就是，在原始炼制泥料达不到要求的情况下，进行伪装的泥料。原始炼制的紫砂泥料方法是:用一种目数（筛网网眼每平方厘米的数量）。一般通称为：60目（每平方厘米60网眼）（用量最广）40目、80目、50目另外还有些特殊目数的。那么，什么说原始炼制我就具体列举。原始炼制的泥料特点是；（如60目）所有比60目更高的矿粉都能通过这样的网眼。也就是说，比60目更细的沙砾都能通过目的网眼。(这样应该大家都能明白)那么，这样以来就容易理解了。原来泥料里的所有杂质，在这样的通粉挤压下都会在表面上体现出来,因为，在高温的作用下胎土表面是几乎接近熔点。所有不是紫砂本质的杂质都会在胎土表面上出现。那么，不是纯度较高的原矿就根本不能制作，这样就导致很多想利用劣质矿料的行为出现，也就是所见到的这么多紫砂壶都是鼓砂、皱等。而很多商家又（也许连自己也是不懂）大势说，这是故意这么作的（为了效果），其实不难。大家可以看看，以前（明清乃至民国）的那些优秀传世作品，有什么鼓砂、皱褶等等现象吗？有调砂，也是通粉调砂。好泥料，包括朱泥，是不能有皱的。否则一律有冲浆。在很长一段时间，大家以为，朱泥要有皱的。什么“十朱九皱”这的确是近代（也许是台湾商家）给予朱泥壶玩家最大的误导！
105	[甜品]	[蛋糕 芝士 日本 绵密 苏打]	【颜值爆表的撩妹零食】	1、日本诺贝尔三层苏打夹心糖颜值高，又有酸酸甜甜的恋爱的味道❤️2、m&m豆！不同颜色自己搭配~彩虹糖也可以~看个人口味~3、日本北海道柳月三方六年轮蛋糕价格有点小贵噢！不过送女孩子真的很合适！软软的年轮蛋糕，入口香醇绵密！4、北海道人气第一わらく堂芝士年糕拉丝蛋糕中间芝士馅料，放在口里软软糯糯，吃了回味无穷呀！
106	[茶]	[活动 购物车 圈子 规则 话题]	【晒晒你的购物车，头条和大奖等你来！】	号外号外，国美+约你上头条！国美+APP上线已经有一段时间了~亲们有木有搜寻到自己心仪的好东西呢？！为了大家满满的购物车，小编特来举办一届“晒购物车大赛”，参加活动的小伙伴们有机会获得国美+高面值现金券哦！同时还会被选中展示在圈子首页，让所有国美+小伙伴都认识你哦。没错~这个活动就是要让你们，得券轻松易，剁手不心疼，圈粉嘎嘎地！通过这次活动，没准你就是下一个圈子达人哦！活动规则：1，创建话题，晒出你的购物车截图，说说自己为什么想买这些商品。标题需带#我的购物车#标签2，活动时间：4月19日-4月24日3，获奖规则：话题被回复最多的3名用户，送上100元现金券。4，4月25日圈子首页公布获奖名单，敬请期待。[微笑]
107	[街拍]	[漂浮 主角 摄影 人物 爱好者]	【厨房里的食物成了漂浮摄影的主角】	作为摄像爱好者多多少少对漂浮摄影都有些了解，而通常漂浮类的作品大多以人物为主角进行拍摄，但你可知道厨房里的食物也可以成为漂浮摄影的主角。
108	[养狗]	[短腿 可爱]	【虽然我腿短，可是我很萌】	我叫cookie，今年五岁啦！我想找一个萌萌哒的女盆友，然后生一个可爱的小短腿[色]
109	[茶]	[感觉 实用]	【#我的购物车#】	这个电磁炉看起来还不错，就不知道实用怎么样，感觉会很好
110	[茶]	[打算 很漂亮 实用性 图片 入手]	【#我的购物车#看起来还不错】	图片看起来很漂亮，就不知道实用性怎么样，打算入手来一个
111	[养狗]	[感谢 用户 私信 活动 理解]	【“吐槽大V”名单大揭晓】	感谢各位一直以来对国美+的支持！感谢各位对此次活动的吐槽。大家的需求，是我们不断对app完美的追求。我们会在最短时间内实现此次吐槽活动的诉求。最后，给各位一个大大的熊抱，感谢各位的理解与支持！我们的更加努力做好这一切的！本期“吐槽大V”名单：SallyShang大大_宋lzyeye123zpzpzp谁抢了我的名字吖恭喜以上5位用户获得国美+50元现金券。圈主将会私信给中奖用户，请中奖用户按照私信内容在5月7日24:00之前进行回复哦。感谢各位！
112	[音响]	[耳机 头梁 耳罩 降噪 分贝]	【索尼大法好——一款降噪耳机】	SONY索尼MDR-NC200D/MCN黑色降噪耳机详细参数•佩戴方式：头戴式•类型：封闭式，动态•驱动单元：40mm、圆顶型•功率处理容量：50mW•阻抗：1kHz时68Ω（电源开启时）、1kHz时35Ω（电源关闭时）•灵敏度：103dB/mW（电源开启时）、102dB/mW（电源关闭时）•频响范围：8-23,000Hz•电源要求：DC1.5V1xLR03（AAA）电池•质量：约180g（含电池）外观这个耳机的耳罩和头梁都有仿皮包裹，里面填充物很厚，非常柔软，并且头梁内嵌有钢条，应该是比较结实的。头梁可以伸缩，且耳机罩是可以向内收缩和360°旋转的二级调节，方便收纳。降噪效果个人觉得比我买之前想象的要差一些，主要对交通工具类低音底噪有50%降低效果。具体怎么个体验的呢，嗯，就是说，你坐车时候听到的那种“嗡嗡嗡”的声音可以过滤掉，至于其他声音就比较勉强了。所以说，比较适合出差旅游。不过话说回来，其实如果能把周围的噪音从90分贝降到75分贝，其实个人感受是完全不同的。也就是说，虽然降噪不能让你隔绝周围的环境，但是当你用了一段时间再移开耳机的时候，你会发现，原来，这地儿这么闹腾啊！当然，估计有很多人会担心上下班路上会听不到报站，在此，我可以很负责任地告诉大家，北京地铁的报站的声音还是清清楚楚的。另外科普一个小知识，耳机基本上分耳塞式，入耳式，耳罩式三种。显然，大法的这款耳机是耳罩式的，耳罩式耳机又分两种，压耳式和包耳式。压耳式便携性高，小巧，包耳式会大一些，使用的时候会包住耳朵，佩戴比较舒服，但长时间使用可能会比较闷。
113	[服装]	[]	【不错哦不错啊】	这个真真不错哦哦默默默默哦噢默默默默陌陌哈哈哈highhigh
114	[茶]	[话题 摄影 照片 大赛 获奖]	【春天随手拍，圈子摄影大晒】	春天的美好在于随手拍下的每一张照片都能展现她的美所以赶在春天的尾巴上，我们来一场摄影大赛吧！参与方式：在任意圈子中发布话题，带上#春季摄影大赛#标签，话题中上传一张原创摄影作品，列出拍摄地和拍摄器材，也可以聊聊你拍摄时的想法。奖励设置：选出20位用户，送上50元现金券评选规则：话题获得回复最多的前20位用户活动时间：4.25日10:00--4.29日18:00开奖时间：4.29晚18:30在“不能不知道的事”圈子里公布获奖名单，敬请关注。
115	[茶]	[话题 照片 摄影 任意 获奖]	【标题：春天随手拍，圈子摄影大晒】	春天的美好在于随手拍下的每一张照片都能展现她的美所以赶在春天的尾巴上，我们来一场摄影大晒吧！参与方式：在任意圈子中发布话题，带上#春季摄影大晒#标签，话题中上传一张原创摄影作品，列出拍摄地和拍摄器材，也可以聊聊你拍摄时的想法。奖励设置：选出20位用户，送上50元现金券评选规则：话题获得回复最多的前20位用户活动时间：4.25日10:00--4.29日18:00开奖时间：4.29晚18:30在“不能不知道的事”圈子里公布获奖名单，敬请关注。
116	[甜品]	[只能 慰藉 吃来 逛街 衣服]	【只有靠吃来过人生的坎儿】	逛街买衣服半天无果、是我胖了么、怎么穿我身上都是买家秀、只能用吃来慰藉自己受伤的心
117	[甜品]	[降到 柠檬水 牛奶 甜度 办公室]	【办公室必备小点心之手工牛轧饼干】	我特意挑选了海藻糖来制作夹层把甜度降到最低搭配外表的咸香苏打中间夹的牛轧糖采用新鲜、纯正的牛奶提炼而成，甜而不腻正宗的牛轧糖有浓香的奶味和丰富的果仁，好吃不粘牙，而且越嚼越香~唇齿留香不甜不腻~配上一杯奶茶或者一杯柠檬水，办公室的下午可有救了☺
118	[美妆]	[返利 邀请 好友]	【邀请好友一起来国美+，返利会更多！】	来国美+，和好友一起嗨聊，一起购物，还能一起得返利！如何邀请好友一起得返利？
119	[美妆]	[沙漠 盆友 体验]	【带梦出发，行走四方——国美+户外达人招募】	热爱生活，不只是一种态度，更是一种刺（撒）激（欢）！大好周末，选择做着大梦荒废妙龄，还是跟着达人穿山越岭？一切，由你来决定！加入国美+户外达人，交盆友，穿沙漠，体验每次不同寻常，我们带你嗨不完！
120	[发现里约]	[政府 贫民窟 拒绝 拆迁 居住]	【里约奥运开幕倒计时钉子户成主会场“一景”】	里约奥运离开幕已不到3个月，但汇聚最多奥运场馆的奥林匹克公园旁边，仍有拒绝搬迁的钉子户，于是这家人成了公园的一部分……巴西政府为了今夏开幕的里约热内卢奥运会而大兴土木，建设奥林匹克公园。而两户人家拒绝政府的拆迁赔偿，于是被“圈进”奥林匹克公园，政府希望以此让对方妥协。而两位最牛“钉子户”则表示，即便奥运会结束了也不会搬走。巴西政府对从2013年开始对vilaautodromo进行了拆迁。这里一共600多户居民在3年时间内基本已经陆续搬走。目前剩下玛西亚-雷莫斯和邻居赫洛伊萨-贝托却坚持要做“钉子户”。于是，政府无奈便将两人的住所用围墙圈进了奥运会场。玛西亚-雷莫斯表示，自己和家人已经在这里居住了长达15年之久。她说，“我觉得政府为了短短16天的奥运比赛而拆掉这么多年的老建筑是非常愚蠢的做法。而且，政府给的拆迁费也太少了吧。我觉得即使给2倍的赔偿，我也不愿意搬走。”另一位拒绝搬迁的“钉子户”赫洛伊萨-贝托却表示，她的家里住着“上帝神圣的灵魂”，所以老宅坚决不能拆，这是对上帝的一种亵渎。其实，不只是vilaautodromo，奥运来临前的拆迁也着实激化了贫民窟民众和政府部门的矛盾。原本居住在此贫民窟的居民们说，他们不希望他们的家变成奥运场馆。
121	[甜品]	[节目 大块 场景 深受 视频]	【《美国佬土豪BBQ》|肉食主义者的享受展现最暴力土豪吃法】	昨晚作死的我和小伙伴一起看了一个米国节目的视频，明明发誓减肥不吃晚饭的我，活活的给看饿了，满脑都是肉汁横流的场景，内心和身体都受到了极大挑战。所以，我一个人享受到这么自私的事儿我是不会做的，今天就给大家安利这个节目——美国佬BBQ土豪吃法系列！美国佬BBQ土豪吃法系列正式引用原名“BBQPitBoys”翻译过来就是“烤肉坑的男孩”,由一群美国退休军人组成，是YouTube上著名的野外美食教学节目，深受世界各地观众的喜爱！~而节目最大的特点就是豪爽，奔放，不计成本的扔洒食材，做的食物基本上全是肉+肉的组合，他们做的过瘾，你看的也眼馋。当他们把做好的大块大块肉摆在你眼前时，观众们大多都开始留起了口水，纷纷留言叫老爷子们分一些肉给他们吃！
122	[穿越]	[简介 建群 交友 神话 生命]	【非诚勿扰群公告】	谈天下可谈事，交所有可交友！欢迎加群！！！公告：建群的初衷！简介：建群的目的！简介:你们的生命交给我，神话我们一起来创造，不管成功还是失败，只要经历过就好这是一个娱乐交友群组，大家可以一起创所欲言拥护本群不管你是谁，来到这里，以诚相待，不计较~
123	[美妆]	[精彩 想法 玩出 事儿]	【Followme！国美+达人征集令】	国美+达人开始招募啦~~~我们希望你：嘴甜会来事儿，活好有想法。赶快加入我们！玩出不一样的精彩~
124	[黑科技]	[直播 网友 招募 百人 男女]	【杜蕾斯昨直播百人戴套！请少一点套路多一点真诚！】	昨天晚上21点~24点，杜蕾斯花了三个小时，利用6大直播入口（优酷，B站等），50对男女，直播百人戴套活动，22点33分，6大平台同时在线观看人数破103.4万。事前，杜蕾斯自己是这样介绍的介绍：找100名情侣干1件事，杜蕾斯AiR空气套4.26(周二)百人试戴全网直播。杜蕾斯AiR空气套试戴员全球招募中，招募邮箱:durex_cn@rb.com(附全身照及简历)就算花2200万都难看到直播!4.26男女世间最强sex体验!如果你没有看，下面就是总结一下的整个过程，大概就是这样——搬了60分钟的床聊了60分钟的天做了60分钟的广播体操最后喷出一团干冰结束网友经典的总结就是：四个小时就憋出个屁！Airisair!屁就是屁大家的心里一定会说：”我裤子都脱了，你就给我看这个？“呵呵，那你还想看什么？人家的广告目的达到了，知名企业作死直播百人啪啪啪？你想可能吗？只是个噱头罢了！也许看到网上的风评把这次直播称为屎上最失败营销案例，没有之一。4月27日上午9点30左右，杜蕾斯忽然删掉了所有昨天和直播相关的几条微博，看来，杜蕾斯官方也意识到，这次活动的确有些砸了。这其实就是——直播百人戴套，网友发现入套，Air还是Air，不觉阿杜被套。——END——
125	[茶]	[游戏 能手 理论 高下 起伏]	【端午节-抠儿逼】	优惠券来啦！别装作听不懂的样子！这年头，物价飞涨，剁手欲暴增。但，股票起伏不稳定，工资不涨很多年，面对这个宇宙级矛盾，成为一个勤俭持家省钱小能手，（俗称抠儿逼）是一个社会性命题。说到抠儿，并不是舍不得花钱，更不是蓬头垢面不出门，我们要懂得如何按照【马斯洛需求理论】，合理分配我们来之不易的Money。能否在端午节前完成这样的愿望，事到如今，应该只能放出这个游戏了！它，能没心没肺赚钱，然后放肆消费。它，能和好友一拼高下，无论成败都有券儿拿。说多了没用，今天就让我们成为一个光荣的抠儿逼吧~具体参与方式：点击“端午赛龙舟”banner图，参加游戏，千万礼金“划”到手！苟富贵勿相忘，不用谢我，快去赚钱吧！！！！！！！
126	[甜品]	[]	【站住！打劫，交出你的辣条！】	[色][色][色][色][色]
127	[茶]	[星星点点 衣角 童话 季节 辗转]	【#春天摄影大晒#】	风从南方吹来，悄然掀起季节的衣角，星星点点的明媚，装饰着羞涩的梦呓，婉约的韵致，辗转在鹅黄的童话里，被太阳洒上一层温暖
128	[街拍]	[时装 搭配]	【又到了露肉的季节】	看各种模特，各种的时装搭配[YY]
129	[甜品]	[手工 可可豆 旧金山 可可 创办]	【两个IT男卖掉公司当起了手工巧克力匠人】	巧克力，是一种魔性的食物。仅看到她那独有亮棕色和整齐的格子，口腔中就忍不住分泌唾液。当她真的在口中融化，仿佛眼前的一切都变得温柔，那一刻脑中产生多巴胺数量不亚于和恋人深吻。这两个IT男同样挡不住巧克力的浪漫诱惑，只因为“从小就喜欢吃巧克力”，这样一个简单的理由，2008年他们卖掉自己亲手创办的公司和网站，开始了在旧金山的手工巧克力匠人生活。和乔布斯帮主创立苹果相似，他们俩也是在自家的车库开始了巧克力的研发，从甄选可可豆到制成巧克力板的整个过程亲力亲为。手工巧克力不同于工厂量产的产品，选豆、烘培、研磨、调和、成型，这些手工过程不能有一点失误，才能保证最佳的口感。刚开始这两个连饭都不会做的理工男，根本不知道巧克力应该怎样做，他们从书上网络上找了上百种巧克力的制作方法，不断修改配方中的BUG。家人朋友对口味的认可，坚定了他们制作手工巧克力的信心，直到在当地的超市热卖。这一桶金，让2010年他们在旧金山创办了自己的店和品牌DandelionChocolate！DandelionChocolate，最大的特色在于“BeantoBar”。从可可豆到巧克力板过程中只加入天然甘蔗糖混合，完全不添加和牛奶、代可可脂等添加剂，还原可可豆的真实味道。Dandelion手工巧克力的美味迅速征服了当地人，收获了大把粉丝，如今他们把店开到了日本。DandelionChocolateJapan开在了东京的蔵前，这里有很多咖啡店和小旅馆，有着浓厚的匠人气息，有机会到这里点上一杯热可可，感受这份旧金山于东京的美妙融合吧～
130	[多肉]	[人类 原因 狗儿 说法 体型]	【为什么不能给狗狗吃巧克力？】	很多养狗的人都听说过，狗狗不能吃巧克力，但是究竟这个是为什么呢？在美国，流行一种说法：体型小巧的宠物狗不能吃巧克力，否则就有丧命的危险，哪怕只吃了一丁点。难道真的这么可怕？下面小编就带着你找到答案！犬类陪伴着人类已经走过了漫长的岁月，也许正是这个原因，人与狗有着同样的食物偏好。然而对于甜食，虽说人类可以轻松消化，狗儿却不能，人类最爱吃的巧克力对它们还有毒害作用，有时甚至会夺走它们的生命。狗儿食用的巧克力越多、越正宗，它受到的伤害也越大。可能由于抵抗力的原因，大型犬吃一点巧克力不会发生什么大问题，而小型犬的主人就应该特别注意了，不能让你的爱犬食用一丁点儿巧克力。
131	[手办]	[回复 内容 参与 规则 话题]	【活久见！猴年马月真的到了！】	猴年马月就是指猴年里的农历五月，每十二年才有一次。现在“猴年马月”真的要来了！就从今天开始！我们实现愿望的时候到了！因为，曾经，我们许过很多愿，比如↓↓↓——老板，我要涨工资！——猴年马月吧！——我要找对象！——就你这条件，猴年马月才找得到啊！还好我们都没放弃！所以，你曾经在什么情景上，说过或被回复过“等到猴年马月”这六个字呢，快快告诉我们。好啦，那些曾经对我说让我等到猴年马月的，出来吧，咱们需要谈谈了。参与形式：在本话题下回复即可参与，回复内容一定要含“猴年马月”这四个字，举例：我爸曾经说过上证指数猴年马月能冲上6000点。奖项设置：筛选规则：回复内容恳求走心，要是还能带那么点幽默感就更好了。回复引发大家感慨最多的3名用户。（即话题下的回复获得最多其他用户的回复）活动时间：6月2日—6月6日开奖时间：6月7日点见国美+“手办”圈子首页
132	[甜品]	[品客 薯片 味儿 烧烤 喜欢]	【#我最爱的零食#薯片～】	披萨味儿的品客，还有一个烧烤味儿的吃完了，就是喜欢品客的薯片，最薄最好吃！
133	[甜品]	[]	【#我最爱的零食#无脑的时候嗑个瓜子啊】	对瓜子真是爱恨交加~磕它的时候，脸会大，会上火，会。。。不磕它的时候，想它，念它。。
134	[家用电器]	[创意 口味 源自 提重 渲染]	【有创意没节操，奇葩重口手机配件】	在这个拼创意的年代，做的和别人不一样就是一种创新。但是创意也是有节操的，有的创意可以归为高大上，而有的创意却会被列出重口味的行列。说来也怪，似乎每个人都有猎奇的心态，你越提重口味，越是渲染奇葩，就越是有人跃跃欲试想看看是不是像传说的一样BT。今天为各位搜罗一大波重口味的外设，不少是源自岛国的创意，你准备好了吗？
135	[手工]	[女儿 养出 琴棋书画 才子 逆天]	【向好爸爸黄磊学习，给孩子挑选几本读物吧！】	都说女儿要富养，儿子要穷养（但家长们可别把女儿养出了公主病哦）。智慧超群的一代才子、当今推崇的最佳好老公、好爸爸黄磊，养出的女儿可不一般哦。多多从小乖巧懂事，多才多艺，琴棋书画样样精通。英文信手拈来，8岁翻译第一本书，9岁翻译第二本，一年一本的节奏简直太逆天了。黄磊鼓励多多从小多看书，从书中学知识，多多虽然小小年纪，但是养成了读书的好习惯，读的书本可不少哦！▼多多在飞机上阅读英文读物。
136	[美妆]	[保护 镜片 飞行员 平民 告诉]	【Ray-Ban|有时耍酷只要一副眼镜】	寻找品味与风格独特的都市潮流先锋。耍酷有时候不只是一件衣服、一个新发型，有时只需要一副太阳镜，而雷朋是其中最受人追捧的品牌。那么今天我们就来看看眼镜界的雷朋为什么会这么“伟大”：【雷朋的“伟”】从军事用品衍变到时尚配饰的几十年，不是平坦如水也并非一马平川，创新与传承，荣耀与寂落，日积月累的年岁成就了雷朋今天的No.1。1930年：世界上第一幅保护飞行员眼睛的绿色太阳镜诞生，专为美国空军使用，经典的泪滴形镜片用以最大面积保护到使用者的眼睛。1950s：雷朋的另一款标志性墨镜“Wayfarer”（徒步旅行者款）诞生，瞬间风靡好莱坞。1980s：在经历了70年代末的短暂低迷后，雷朋掀起了又一个高潮的十年，仅在1982-1987的五年中，雷朋就出现在了60多部电影和电视节目里。2010s：更多的创新款型和材质被推出，眼镜妞将在未来分圈型给大家介绍雷朋的几个经典款式：飞行员款、徒步旅行者款、派对达人款、复古小圆片等等~【雷朋的“大”】它不是美国空军和好莱坞明星的独享，走在西方街头，你可以真实的感受到雷朋的平民力量；它没有因亲民的价格而沦为普通人的物品，翻看街拍杂志，你会惊奇的发现贵族与明星都是戴雷朋的榜样。要说雷朋最聪明的，还是镜片和镜腿上醒目的logo。各种照片里就算清晰度再差，只要看到镜片角落里“一坨白白的东西”，就可以直接确认它是雷朋。下面就用图片告诉雷朋有多受欢迎--谁都喜欢，谁都爱戴，谁都戴得起。
137	[美妆]	[鞋子 衣服 促销 修长 气场]	【双十一最值得买女鞋篇】	一进入十一月，各种双十一促销的广告就在电视上、网络上霸屏了，对于我们普通人来说，双十一的意义远远没有商家来得大，仅仅是可以趁着促销打折的机会，多买几样东西罢了。反正早迟也会买，趁着双十一买当然更划算。前面我们已经介绍了很多衣服，这次为大家带来的是鞋子。01对于女人来说，新衣服永远不嫌多，新鞋子亦如此。尽管鞋柜里还有许多往年的旧鞋子，但一进入冬天，你仍会为自己添置几双新鞋子。粗跟单鞋很适合十一月的天气，高低合适的跟可以在增高的同时，让你的脚步走得更稳，时尚舒适两不误。02有许多妹纸都是无跟不欢，相比之下，粗跟比细跟更受欢迎，粗跟走得更稳，降低了高跟的驾驭难度，也能在一定程度上增强气场，塑造修长美腿，连臀部也因此变得更加挺翘。
138	[美妆]	[墨镜 造型 指数 影片 影帝]	【舔屏好莱坞男星|戴上墨镜后他们更Man了！】	发现了，明星出门三大法宝：墨镜、口罩、帽子。后两者的功能更偏向于抵挡记者的长枪短跑，而墨镜则兼具了拗造型与避人耳目。不少好莱坞男明星戴上这些神奇的墨镜后，居然更帅、更Hot、更有型，一起目击戴上墨镜后的他们，你被迷倒了吗？反正我是醉了~~~~~~~（以下是我充满私心得点评，请轻拍）TomCruise酷指数：☆☆☆☆☆一部《壮志凌云》让我们知道了飞行员款的墨镜，从此红遍大江南北。KarlLagerfeld酷指数：☆☆☆☆☆你有见过老佛爷不戴墨镜时候的样子吗？这几率和看见王家卫不戴墨镜一样低！戴上墨镜后的他更具威严感。LeonardoDiCaprio酷指数：☆☆☆☆☆不得不说，无论是小李子还是老李子，带墨镜的李子真是MAN气十足，无论发福还是不发福，带墨镜的李子帅气无比。BradPitt酷指数：☆☆☆☆☆无论身边站的是谁，男神BradPitt的墨镜造型亘古不变的是帅气，不过也有不少粉丝认为，戴上墨镜后，遮掩了他迷人的蓝眼睛，有些可惜。RyanGosling酷指数：☆☆2006年，他凭借在《半个尼尔森》中的表演获得了奥斯卡影帝的提名。2011年他参演的三部影片《总统杀局》，《疯狂愚蠢的爱》和《亡命驾驶》都取得了不错的票房成绩。戴上墨镜后的他，感觉增龄不少。JamesFranco酷指数：☆☆☆这位靠眼说话的美国男演员魅力十足，虽眼睛不大，却电力十足，戴上墨镜后的他依然透露出了丝丝男人味。
139	[纤体]	[帐篷 人品 抢答 公园 扎起]	【极速抢答你够快吗？】	这里我们不拼耐力，我们拼速度，拼人品！手慢慎入，碰运气猛戳~~涨姿势，拿福利，HappyFriday，美好的周末从好运开始。今日抢答题目如下：春天已经来了，突然很想叫上伙伴们去公园，扎起帐篷边吃边玩，那么问题来了，大家都知道哪些帐篷品牌，跟帖回复至少5个即可获奖。
140	[茶]	[领到 手环 开心 小米]	【#天天福利DAY#北京小米手环和充电宝】	领到小米手环非常开心，国美赞一个
141	[美妆]	[颜色 粉橘 种草 试色 外壳]	【美妆新人来报道٩(๑ᵒ̴̶̷͈᷄ᗨᵒ̴̶̷͈᷅)و】	bb家大热的金管，20号色，retrocoral看vk大魔王的试色种草的，外壳质感佳。本人介于黄二三白之间，嘴唇颜色正常不深不，唇纹多且深，白光下试色，无调色。是个粉橘粉橘的珊瑚色，比较偏粉，低调日常的颜色，挺温柔可爱的。唇膏质地很顺滑，蛮滋润的，不拔干，可能深色的覆盖力更强吧，这支的颜色我个人觉得覆盖力一般，不过好处就是反复涂抹也不会很夸张，补妆方便还有点难涂匀。干了之后持久度还算不错吧，当然吃饭什么的就别想留住它了，老老实实擦干净嘴再吃嘛对身体更好～总体来说这系列有喜欢的颜色还是值得收的
142	[塑形]	[性感 美队 队长 美国 胸肌]	【生命中的小确幸|为何有如此唇粉齿白胸肌大的蓝孩子？！】	《美国队长3》上映，帅气队长克里斯·埃文斯又一次回来了。虽然这次有一点儿自私，有一点儿任性的，要与钢铁侠大战三百回合，但仍是我们熟悉的那个他——责任感爆棚的波士顿文青，当然还有他的大胸肌。最近朋友圈中被美队3的电影票刷屏了，帅气队长克里斯·埃文斯又一次回来了。虽然这次有点小任性，一定要和钢铁侠较较劲，但那水蜜桃般的胸肌仍是我们熟悉的那个他！！！不仅电影里的美队性感，扮演美队的克里斯·埃文斯在现实中也并非浪得虚名。在2011年，入围了美国杂志《人物》年度最性感男人的榜单，还在2015年入围了全球最性感男星Top100！为了饰演美国队长一角，他用了3个月的时间，给自己打造了一副完美的身材。他得接受地狱般的训练。他每天都必须锻炼2小时，强度之高难以想象。大重量训练是必不可少的。保持力竭是一件多么痛苦的事，喊天喊地都不灵。他自己也表示，他非常喜欢运动，也经常健身，但这次真是令人崩溃，他练到都快吐了。饮食上也非常苛刻。高蛋白+健康碳水化合物让他肌肉快速生长。为了能在银幕上展示最好的肌肉状态，克里斯·埃文斯每拍一个镜头前都必须进行大量运动，比如说连续400个俯卧撑。即使如此，为了让美队打得更好看，克里斯·埃文斯还专门学习过空手道、拳击、柔术以及多种中国武术训练。《美国队长2》的导演乔·罗素对他的努力非常肯定；“虽然我们只是为了几个镜头，但他可以花费几个月的时间去学习。”他的努力最终体成就了他完美的身材，赢得银幕上女生的口水！为什么有美好肉体的男人性感？不仅仅因为他们是行走着的荷尔蒙，美好肉体的背后更多的是汗水、自律以及对于健康形象的追求。所以，各位请珍惜身边的大胸肌肉男，他们的坚持、自信、自我管理。都是值得你去学习的！当然如果你想让女孩子流口水，拥有大大的胸肌，完美的身材，那还等什么！快点迈开步子去锻炼吧！(･ิϖ･ิ)っ
143	[街拍]	[小伙伴 私信 见到 领奖 捕捉]	【拍出惊喜获奖名单大揭晓】	在刚刚过去的小长假里，小伙伴们拍出了各种“神奇”的大片。在我们的拍照活动中，小伙伴PO的照片全给满分！并不怕你们骄傲！我们来公布今天获奖的小伙伴：奚酱丘丘丘丘丘艾比路恭喜以上3位小伙伴获得现金劵。奖品虽然不大，但是重要的是与大家分享大师们捕捉的瞬间！圈主将在4月6日19时私信中奖用户领奖方式，见到私信请记得回复哦~
144	[音响]	[人士 手感 键盘 选择 实用]	【机械键盘哪家强】	讨论适用于IT人士的键盘选择，以实用，手感好，价格适中为要！
145	[美妆]	[红色 高跟鞋 肉肉 耐脏 露出]	【预热双12该买什么鞋】	好吧，双11刚过去，双12又紧锣密鼓地来临。有人会问两者有什么区别？其实都是商家做活动的噱头，只不过双11针对天猫店，双12针对集市店铺罢了。嗳哟？歪楼了。回归正题，所以，趁着又一次的折扣季，小编打算入手以下四款鞋来美美过冬。至于理由，请看街拍图示范，自己感受下咯~01冬天的装扮难免以深色系为主，一来看起来暖和，二来好打理耐脏，但又不想这般暗淡无光地过冬，那就可以好好的把红色高跟鞋利用起来。讲真，在10℃以下的城市里，穿这样的高跟鞋还是需要勇气，但倘若活动范围就在室内，那么不妨放心大胆地穿上走起。02且红色高跟鞋无论与裙装联袂还是与裤装搭配，有它的地方就有女人味。不知道从什么时候开始流行露出小部分肉肉的审美时尚，但不可否认的是，在重重包裹下露出的那点肌肤与红色高跟鞋连在一起，那样的诱惑那样的美难以抗拒。
146	[甜品]	[草莓 楼层 跟帖 筛选 回复]	【美食有"礼"边吃边聊拿福利第二期】	美食只是一人独享多悲伤，一起分享才最欢乐，让我们每周一起聊美食，拿好礼，咋不上天呢哇哈哈~~话不多说直奔主题！~春天当然要吃草莓啦~作为吃货怎能不知道草莓的N种吃法呢？！草莓蛋糕、草莓巧克力、草莓奶昔、西芹炒草莓（？），你还知道哪些草莓大餐呢？一起聊聊吧跟帖回复草莓相关美食名称+图片。参与形式：跟帖回复即可参与奖项设置：筛选3名用户，送上30元现金券筛选规则：随机筛选楼层，跟帖总楼层数*0.1楼；跟帖总楼层数*0.3楼；跟帖总楼层数*0.6楼。四舍五入取整，如选中楼层不符合回答标准，顺延至下一楼层，以此类推。活动时间：10:00-18:00参与有效。开奖时间：18:30公布获奖名单，敬请关注。
147	[穷游]	[游戏 权力 全球 保证 我会]	【什么？你还没看过《权力的游戏》？】	《权力的游戏》第六季依旧真特么的好看，什么？你还没看过？而今天这篇文章只有一个很简单的目的：给没看过《权力的游戏》的小伙伴来一发惊天地、泣鬼神的安利。那么，《权力的游戏》到底哪里好看？下面这几点我一定不说出来：1、《权力的游戏》改编自马丁爷爷25年的呕心沥血之作《冰与火之歌》，全球卖出去六千万套。2、HBO为了把规模宏大的原著搬上电视，请了500多个演员，每一集都要花上800万美金。3、它在IMDb上有9.5的超高评分。4、烂番茄上97%的爆棚新鲜度。5、在我们熟悉的豆瓣上前五季平均评分9.4。6、在第六集回归前的前一个星期，全美国所有深夜脱口秀和新闻访谈节目，都已经被《权力的游戏》剧组演员占领。奥巴马甚至要托关系走后门，只为抢先看到第六季的内容。7、人性的黑暗与疯狂？战争的残酷与宏大？爱情的纯真与美好？你喜欢的少儿不宜？很抱歉这里都有。相信看完7条的你，肯定会心动，就冲滴7条中的XXXXXX（消音中），我会默默在家看上N遍的。讲真，现在不入坑这部全球最火的美剧，真的就再没机会了。剧集主创前些日子在接受采访时表示，第六季结束后，《权力的游戏》故事就只剩下10-15集了。真的要在餐桌上，听自己的其他朋友讨论看剧感受，自己只能默默夹菜吗？如果你不想，那就赶快行动！找不到资源？戴久卜，撸一套原版小说，保证妥妥的追上进度~~~~~~~
148	[塑形]	[腹肌 训练 离心 核心 腹部]	【健腹轮，腹肌滚来，肥肉滚蛋！】	如果你渴望拥有腹肌，同时每天卷腹已经卷够了，那么有没有更好玩，看上去更牛逼闪闪的腹肌训练姿势呢~当然有，今天我们要介绍的，就是一个超级炫腹姿势——健腹轮卷腹！从视觉上直观来看，健腹轮卷腹，俯卧姿势更有利于背部拱起，找到腹部卷曲的感觉，也更符合腹肌发力方式，对腹肌的刺激和训练效果自然也更好。另外，常规的仰卧腹肌训练，腹肌离心过程中，竖脊肌和其他核心承担了很多受力，所以腹肌的离心收缩相对较弱，这也是腹肌训练中最缺乏的一环。而健腹轮练腹，最大的特点就在于离心过程也需要通过腹肌发力，来有控制地缓慢拉开紧绷的腹肌，更好地强化了离心收缩过程。下面给大家带来有趣的腹肌练习动作，6个健腹轮动作，轰炸核心！注意收紧腹部，微微拱背，绝对不要塌腰翘臀。这几个动作，基本就涵盖了全身主要的大肌群，所以是非常高效的全身塑形燃脂训练！▼不过练这些动作之前，你得先入个高性价比的健身伙伴▼
149	[服装]	[牛仔裤 单品 男友 喜欢 远离]	【个子矮不是你的错，乱穿衣就是你的不对了】	今天给大家列举三种哈比人要远离的单品，大家都来对照下自己的衣橱，看是不是也有这些并不适合自己的单品呢？1.牛仔裤很多妹子喜欢男友风的牛仔裤，穿上宽松不紧绷，而且还能看起来酷酷的（至少心里是这样想的）↓可是来看看自己眼中的自己，和别人眼中的自己
150	[家用电器]	[开创 眼睛 颜值 唤醒 感觉]	【论不靠穿搭不拼颜值的中年网红之路！】	有一种自拍叫高晓松，它能让你瞬间睡意全无，它能让你感觉呛嗓子辣眼睛，它甚至比当年的《爱的供养》更能唤醒弥留之际的人们~总之，高晓松老师成功的开创了一条不靠穿搭不拼颜值的中年网红之路！
151	[零食]	[]	【ggshshhshssh】	hshshhdhhddhhdhdhhdhdhxhdhdbhdhhdhdhgdhhdhdgdhdgdh
152	[茶]	[门店 领奖 活动 参与 线下]	【最佳晒照，送现金券！】	通过#天天福利DAY#活动，很多小伙伴通过活动获得了线下门店领奖的机会~但是你们以为送礼就到此为止了吗？小美再来一波福利！晒合照送现金券！福利根本停不下来~晒照也可以好玩，有趣，有内涵。看看谁的晒照更让人心动~参与规则：在#天天福利DAY#活动中获得线下门店领奖机会的用户，在线下门店领取奖品后，在“不能不知道的事”圈子中发布领奖合照话题即可参与。奖项设置：“最佳晒照”5位用户，送上50元现金券。筛选规则：晒照话题获得最多回复的前五位用户。PS：本活动仅针对#天天福利DAY#活动中获得线下门店领奖机会的用户哦！活动时间：5月5日-5月11日开奖时间：5月11日18:30见国美+“不能不知道的事”圈子首页
153	[街拍]	[女明星 伴娘 感情 情是 结婚]	【真闺蜜or假闺蜜？扒一扒女明们给闺蜜穿什么礼服？】	娱乐圈这个大染缸，真真假假亦假假真真，兄弟情、闺蜜情是真感情还是利益牵扯谁也说不清~要说女明星们的闺蜜情是真是假？婚礼上的伴娘服就能给出答案，女明星们平日里风光万千,结婚这么隆重的场合必然也要万众瞩目。如果女明星还不忘给自己的伴娘挑一件合身优雅的礼服裙那绝对是真爱闺蜜！下面我们一起看看近期结婚的女明星和她们的伴娘团，分析那些真真假假的闺蜜团(⊙ω⊙)
154	[纤体]	[]	【这是一个混合话题】	我就测试一下啊啊啊啊啊啊啊啊啊啊啊啊啊啊啊啊啊啊啊啊啊啊啊啊啊啊啊啊啊
155	[穷游]	[妈妈 农场 喜欢 带上 老妈]	【母亲节专题|七个超适合和妈妈一起去旅行的地方！】	马上就是母亲节了,来看看有哪些适合带着老妈去旅行的地方吧~1.去充满花花草草的植物园和妈妈一起去植物园一定是个不错的选择，在逛园的过程中你们会有很多交流的时间，一路上的花花草草也会让人心旷神怡~2.做最幸福的吃货，带她去吃她最爱的东西选择一家妈妈喜欢的菜系馆子，无视妈妈对其性价比的唠叨，和妈妈一起吃一次特别的晚餐。在她爱的餐厅里，来一次特殊的约会。3.看一场表演CatchaShow和妈妈一起去剧院，或者电影院。或者一场音乐会！——不管怎么样的都可以。也许你没有意识到，你的妈妈已经很久没有看过电影了，不如带他们感受一下大片中的另一种精彩。4.去河边悠闲地度过一天开车去最近的水源（河，湖，或者海滩），在河边度过轻松的一天。带上烧烤架，新鲜食材，来一次家庭野餐，或者钓钓鱼陶冶情操，都是不错的选择。5.看一场运动比赛，热血妈妈最爱如果你妈妈是某个球队的死忠粉，带她看场运动比赛也是不错的选择！还可以带上你的球迷老爸，人多欢乐多噢。6.收货满满，去农场摘摘瓜果如果你妈妈喜欢园艺，不如带她参加一个有关园艺的活动。可以去附近的农场摘草莓，或者去体验一下农场的生活。顺便住在郊区的农场，感受一下全家热炕头的乐趣。7.一起去野餐惬意最重要五月，当然是野餐最好的时机啦！别说这样的生活太洋派，折腾的人生才是最开心的嘛。去附近的公园或者风景区就可以啦，记得吃完要将垃圾收拾干净哦~好了，就写到这儿。不要说你没时间！母亲节之所以选在周末，是因为这天谁都没有理由不给妈妈这份陪伴。所以，你会如何计划今年的母亲节呢~
156	[多肉]	[]	【狗是怎么理解离别的】	所以你每次重新出现，对它来说都是久别重逢。
157	[零食]	[]	【https://group-pre.gomeplus.com/topic/det】	https://group-pre.gomeplus.com/topic/detail?tid=56f3a5054b70a44fad4a9bdf##
158	[模特]	[设计 签字 制作 无情 嘲笑]	【我的奇葩同事--周晓丽】	事情是这样的：周晓丽组织本公司基础研发部的一群工程师去团建，需要一个部门旗帜，找了很久的素材，定下了一个硬朗的风格，大概。。。是这个样子的。然后，她连比划带说的告诉了我她的设计构想（不好意思，插一句：我特么只是个HR！），我按照她的构思设计了一版，周晓丽看过之后表示非常满意，让我联系她推荐的淘宝店，准备下单制作，这个时候，高能的地方来了！！！！！！！！！！对方做了黑白两版供我们参考（其实就是把我做的图横了过来），我们选定了黑色的，准备用金色的笔签字，感觉比较酷，大概就是这样的：周晓丽忽然觉得，那个不太像狮子，应该加个假发，对她的原话，假发！那他妈明明应该是毛发吧！！！狮子怎么会有假发！！！我的脑海里顿时出现了这样的画面：一只杀马特家族画风的狮子。。。。。（请原谅我的想象力）周晓丽觉得我没真正理解她的意思，于是给我手绘了一张图，大概就是：然后我给淘宝的人发了过去，对方给我回复是：不好意思，我下班了。下班了。。。。班了。。。。了。。。。。但是为什么我感受到了对方无情且毫不掩饰的嘲笑？容我心痛一分钟。周晓丽对对方这种态度，表示非常不满意，今天一上班她就催促我找对方要图，结果对方给我甩回来这样的设计图：对方可能也感受到了我的疑惑，连忙说：我们再改改！呵呵呵，我真的是觉得，对方应该已经笑成傻逼了，而我大概很快就会出现在各大公众号的”奇葩淘宝买家“之类的文章里，仰天流泪，这事关我P事！！！！！！我觉得我有必要跟对方解释一下，所以我想跟对方解释一下，刚发了一句：你不要笑，对方秒回我一句：OK！OK？OK个鬼啊！然而这个时候，周晓丽依然在旁边咂咂嘴说：唉，还是没画出我要的风格。呵呵，你的风格，玩蛋去吧你！来呀！互相伤害！我顽强的要求对方加急制作，对方毫不犹豫的秒回我，不行啊！亲！亲你妹啊！你现在都笑成傻逼了吧！我就想知道你给你周围多少人分享了我的傻B事迹？我要找他们收费的呀喂！但是我只能是抱歉的表示遗憾，不过，抱着吐槽周晓丽的目的我又加了一句：我们提供的idea也很二逼，呵呵呵，这个时候，对方竟然回了一个：所以你这是什么意思？认可我说的话么？你妹啊！周晓丽，我和你什么仇什么怨！！！
159	[穷游]	[能力 手机 低下 箱子 戒断]	【听说你马上要得假期废柴症，这10条症状给你自己诊断一下！】	假期废柴症是一种在特定时段（周末、春节、国庆、五一）定期爆发致使患者基本丧失行动能力的一种疾病，很少人能幸免，不管你是职场上风生水起的Michael、Lily、Sophia，还是苦逼干活的加班党的小赵、小王、小钟，放假回家，我们都是本土霍金。下面是总结了10条假期废柴的临床表现，看看马上要过五一的你会中几条：1.进食不规律整个假期没吃过早餐，躺到低血糖，就摸一块巧克力吃。2.作息失调生物钟自动调节到西半球模式，手机起床闹铃设定为14：00。3.组织增生左手掌心长出手机和纠缠的充电线，下身长出一张床。4.视力减退眼睛没离开过电子设备，快瞎了。5.行动能力低下运动计步在两位数和三位数之间徘徊，终于痛定思痛，把这个功能关了。6.语言表达能力低下能打字绝不开口，能意会决不言传。7.空间感知能力错乱手够不到的地方都叫远方。8.审美失常瘫在沙发上和爸妈一起看了若干部玛丽苏电视剧，津津有味。9.妄想我的被子有病，我要照顾它。10.失忆背了一箱书回家，连箱子都忘记打开；假期plan写了好几页，最后就完成了个p。其实，假期废柴症的治疗方法简单粗暴，假期结束，所有Michael、Lily和小赵小王会带着“不想上班，放我回去当废柴”的哀嚎被强制戒断，回到写字楼格子间变回一个正常的人类。『在这里呢,祝大家五一快乐，过个丰富而充实拒绝平庸的假期(≖‿≖)✧不过话说，明天开始过节的你上述症状到底会中几条？！！！』
160	[甜品]	[]	【测试话题7.1验证回复专用，大家一起来回复】	[YY][YY][YY][YY][YY][YY][YY][YY]
161	[茶]	[安利 活动 错过 广告 方式]	【一人一句广告语】	走过路过不要错过，国美+官方请你来发“小广告”咯！请来这里光明正大的发广告吧！是商家，就来把商品吹的天花乱坠！爱分享，就舌灿莲花安利你的爱。如此简单粗暴爱玩不玩。我的意思是大爷一定要来参加哦！活动方式：添加新话题#一人一句广告语#+商品链接+推荐语，即可奖项设置：“最强安利奖”2名筛选规则：选出最强安利者（回复量最高）2名，然后送上150元的现金券。PS：150元现金券包括：一张满50减50现金券，一张满100减50现金券，一张满200减50现金券。活动时间：5月9日-5月13日开奖时间：5月14日见国美+“不能不知道的事”圈子首页
162	[多肉]	[主人 声音 停下 自卑 惊吓]	【猫咪犯错如何教育】	首先第一条就是立即当场批评。当它做了错事时，在这时马上就该“不行!”“喂!”地大声斥责。当然猫并不是因为听懂了主人的话而停止行动，而只是因为听到了巨大的声音受了惊吓而停下的。如果反复这么做，猫就会慢慢感到这么做的话就要被大声呵斥，太头疼了，也就不会做了。当猫做了不该做的事后，把它带到犯罪现场进行说教是完全没有用的，猫是健忘的动物，即使因为刚才的事儿被斥责，它也不会明白是为什么。第二条是耐心教育。并不是说今天批评了明天就可以允许，而是应该在任何时候都以同一态度耐心的批评。如果人自己中途放弃的话，那么这之前的辛劳就白费了。“反正马上就会原谅我的。”这样一来，猫就会得意忘形。第三条是绝对不可以实行体罚。如果随便地打猫，它就会对主人产生恐惧感，进而产生自卑的性格，因为猫的身体要比人小的多，所以被打的话很可能会受伤的。
163	[茶]	[满满 格调]	【#一人一句广告语#】	http://m.gomeplus.com/webApp/home/ProductDetails.php?onlineUserId=Xb3QUwZW&productId=3845&shopId=335&kId=2RZMrqA2PAMgT2bA0LEucj+格调漫满满，快来买！
164	[甜品]	[获奖者 兑换 获奖 发送 姓名]	【4.26#天天福利DAY#有奖活动话题获奖名单】	获奖名单如图，祝贺以下小伙伴们！所有获奖者均可获得修剪器一份（奖品以实物为主），前50位获奖者还可获得额外门店好礼一份！没有获奖的小伙伴不要灰心，更多活动每日更新哦~1、请所有获奖者在4月28日14:00之前私信【个人姓名+电话+地址】给“布兰妮小甜甜”（点击左上头像进入圈主个人主页，发送消息即可），奖品将在5个工作日内寄出，请保持手机畅通。注：未在规定时间内发送个人信息的获奖者，将视作自动放弃奖励。2、另请前50位获奖者扫描下方二维码关注国美+官方微信订阅号，回复【门店领奖】获取线下兑换步骤及注意事项。兑换有效期为自获奖公布起7日内，大家抓紧时间哦~
165	[养猫]	[]	【萨顶顶的顶顶顶顶顶顶顶顶顶顶大大大】	按时大大啊啊啊啊啊啊啊啊啊啊啊啊啊啊啊啊啊啊啊啊啊啊啊啊
166	[美妆]	[活动 小伙伴 儿们 济南 城市]	【《国美+你玩！城市宝藏大搜索》济南站感谢有你！】	国美+携手济南梦随行户外俱乐部举办的城市宝藏大搜索活动完美落幕啦~~你是不是还在回味当时火爆+酸爽的活动现场，现在小美美眉为小伙伴儿们奉上炒鸡……炒鸡……炒鸡棒的视觉大餐，让小伙伴儿们美美的享受一顿~~~活动当天济南的天气超级闷热，闷热程度大家请自行脑补一下桑拿房！不过大家的热情还是很高的，小美美眉在此感谢大家对国美+的支持！
167	[徒步]	[想要 旅行 犒劳 行李 打包]	【别急着毕业旅行，送你一份超全的行李打包攻略！】	考完了，毕业了需要好好犒劳一下自己外出旅行是个不错的选择而打包行李就是旅行前最甜蜜的负担每一件都想带，最后都装不下▼心中想要一个这样的行李箱
168	[多肉]	[猫咪 主人 想要 攻击 心情]	【猫咪的脾气很差主人该怎么办】	一、慢慢地引导它从小养到大的猫咪，一定会依循着长久以来的生活习惯的模式，当它出现了一些行为上的错误时，要慢慢地去引导它，千万不要用想要驯化的想法对待它，这样可能会造成反效果。二、要学会尊重它和猫咪的相处方式就是尊重它，发现它心情不好且不想搭理你的时候，就不要再故意去逗它，就放着它自己去做想做的事情即可，也不要在它需要人陪的时候，一脚踢开它。三、了解攻击意思有些主人对于猫咪的攻击都会解读为恶意的，但其实不然，也许它只是想做做样子，看起来象是真的要攻击你，但实际上只是想要吸引主人的注意，想要多得到一些主人的关切而已。四、给它找个玩伴当主人发现自己的猫咪脾气真的很臭的时候，在经济环境条件允许的情况下，可以试着帮猫咪找个猫咪玩伴，让它在无聊的时候，可以有个伴陪它忆起嬉闹玩乐，也不会乱发脾气
169	[穷游]	[避暑 圣地 芽庄 地方 吸引]	【热成狗？到东南亚小城来避暑，比泰国人少，比马代更便宜】	素有“东方马尔代夫”之称的越南芽庄，一直以来是众多国外游客的避暑圣地。那么，芽庄究竟有什么特别的地方，吸引着人们来此避暑游玩呢？接下来，带你感受下“东方迪斯尼”的乐趣~
170	[多肉]	[紫外线 电磁波 哺乳动物 科学家 人类]	【猫猫狗狗真的有“第六感”吗？】	英国科研人员发现，多毛的哺乳动物，如刺猬、雪貂都可以看到紫外线，这使他们在夜间可以获得更好的视野。在此之前，科学家一直以为只有少数哺乳动物能看到紫外线，而新的研究成果则可以帮助科学家来解释更多宠物行为。伦敦城市大学的生物学家RonDouglas告诉媒体：“从来没有人想过这些宠物具有紫外线视力，这让人很惊异。”光是一种人类眼睛可以见的电磁波，视知觉就是对于光的知觉。光只是电磁波谱上的某一段频谱，光是波长比紫外线长，比红外线短的电磁波。人类目前可见光的颜色是红到紫，紫外线则是在光谱中电磁波频率比肉眼可见的紫色还要高，所以无法被人眼所见。而蜜蜂、鱼、爬行动物和两栖动物则可以看见紫外线。另外，许多哺乳动物，如蝙蝠、驯鹿、老鼠等则是目前已知可以看到紫外线的一些哺乳动物，但科学家不明白为什么有些动物可以见紫外线，然而一些动物则不能，包括人类。
171	[多肉]	[猫咪 喜欢 发现 传达 狩猎]	【看你家的猫咪到底喜不喜欢你】	观察猫咪看你的样子，猫咪是狩猎型的动物，对它们来说，一直死死地盯着对方的眼睛是一种威吓的手段！如果发现猫咪眼睛眨也不眨地一直盯着你瞧，就表示它对你还没有完全打开心房，一直保持在警戒的状态；相反地，如果猫咪在盯着你的过程，会缓慢地眨眨眼，那就是它对你爱的表示噢！猫咪觉得你是可以信赖的对象，并且有着喜欢你的感觉呢！如果发现猫咪正默默地用这种方式传达它的爱意，也请你和它一样缓慢地眨眼给它看吧！这么一来，你的爱意也能传达给猫咪。默默地移动平常和猫咪在一起时，默默地起身移动到另一个地方，例如洗手间或是卧房。如果猫咪会尾随着你一起移动，那就是它喜欢你的证据！因为它觉得你身边是一个“可以安心的地方”，因此不管你去哪里，猫咪都会跟着你。可以被猫咪这么喜欢，真是身为猫奴极上的幸福呀。
172	[纤体]	[体重 体重计 电子 规律 解便]	【别被体重秤骗了减肥前先学称重】	对于想减肥的人来说，称体重至关重要，体重犹如体温，在脑内也有“设定点”。当体重增加时，便促使身体消耗能量来减轻体重……什么时候称体重最准?每个人的生活规律不同，称体重的时间也不同。对于单个人来说，减肥期间应有规律地称体重，每次应在同一时候，如起床或洗澡后、解便的净重，准确度较不容易受到影响。保持体重，可以每天称一次，这样才能及时发现体重的变化而采取针对措施。传统型体重计和电子体重计哪种更好?最好是天枰式的传统型体重计，相比之下，电子体重称误差度最高，电子的东西，受环境影响大，磕磕碰碰都能让读数有偏差。
173	[穷游]	[建筑 苏州 黄山 景区 踏春]	【清明约起来丨国内五大踏春胜地推荐】	“乱花渐欲迷人眼，浅草才能没马蹄”清明节小长假即将到来，正是传统的踏春好时节。今天就为你推荐的国内五大踏春地点可别浪费了清明这踏春的好时候~【杭州】苏白两堤桃柳夹岸三面云山，一水抱城，杭州清明时节的山光水色真应了“淡妆浓抹总相宜”。西湖长堤美景游人醉，垂柳依旧伴娇花。苏堤春晓更是"西湖十景"之一，错过岂不可惜。灵隐寺寺内环境清幽，是杭州最早的名刹，留存着各朝代众多精美文物。清河坊街是吃货必逛的地方，沿街的商铺是老建筑改建的，古色古香。【开封】上河清明梦悠悠清明节最适合去的地方，无疑开封要算一个。又是清明雨上，古风配上历史，一段文化之旅不容错过。清明上河园是中原地区最大的气势磅礴的宋代古建筑群。整个景区内形成一派“丝柳欲拂面，鳞波映银帆，酒旗随风展，车轿绵如链”的栩栩如生的古风神韵。开封府门前广场的清明"颁新火"仪式，陀螺、秋千、风筝、蹴鞠、摔跤等比赛，重温宋代清明节的风情。通宵达旦、热闹异常的小吃夜市是开封这座古城的一大特色之一。【苏州】水乡古镇名闻天下苏州小镇离城市的繁华，春天的梅花格外迷人。拙政园是苏州最大、最著名的园林，全园以水为中心，萦绕着错落有致的假山及精致的庭院建筑，花木并茂。乘坐游船泛舟在周庄，看沿岸明清老建筑依次掠过，真是文艺的不像话。苏轼曾言：“到苏州不游虎丘乃憾事也”。虎丘也是苏州必赏之处。【婺源】搭个高铁去婺源看油菜花恍若天上人间，是心放松的世外桃源，让游人无比陶醉。东线主要景区有江湾、李坑、汪口、晓起、江岭、庆源。西线是生态环境的浓缩，鸳鸯湖景区是世界上最大的野生鸳鸯栖息地。北线景区以原汁原味的明清古村落和田园风光为主。【黄山】万物复苏云海仙境自古即有"无徽不成镇"之说，其秀美瑰丽的大好山河与世外桃源般的田园风光让多少文人骚客魂牵梦绕，让人由衷发出"一生痴绝处、无梦到徽州"的人生感叹。黄山风景绮丽，四季宜游，清明节去黄山可以欣赏到黄山“五绝”：日出，奇松、怪石、云海、温泉。宏村是徽派古村中的代表，有“中国画里乡村”的美誉。宏村看水，西递则主要看建筑，记得留意建筑上的徽派三雕，砖雕、石雕、木雕，花纹枝桠精细得仿佛一捏就断。——看好了就马上准备出发吧！——
174	[服装]	[]	【甜美少女の日常】	台湾pazzo2016春夏lookbook
175	[甜品]	[崂山 罐头 橡皮糖 饮料 矿泉水]	【来看看那些剑走偏锋的奇葩零食】	你喝过风油精味的饮料，吃过大脑切片糖果吗？1.崂山白花蛇草水:崂山白花蛇草水是在天然崂山矿泉水中添加白花蛇舌草提取液及二氧化碳，经特殊工艺配制而成的碱性饮品，既保留了崂山矿泉水中多种有益于人体健康的矿物质，又完美融合了白花蛇舌草本身的功能，有效解酒、护肝、养胃、解毒、清热，因此堪称健康饮料之珍品。怎么评价呢。。反正我朋友喝了一口就吐出来了。。味道不大众。。购买谨慎之。。。2.GIANTGUMMYBEARSWorld'sLargest蠕虫橡皮糖：世界最大的蠕虫橡皮糖，25英寸长，3磅重。不说当零食，开派对把它当蛋糕都可以。最好寒冷天气时期买不然运输途中可能会溶。3.GummyBrainsCandy大脑橡皮糖：乍一看，好像大脑。即便知道这只是糖，是不是还会产生心理排斥。好似唐僧吃人参果，不敢下口呢？唇齿相交的那一刻，自己的脑仁也要抖一抖吧~4.CAKOVE/卡可芙jawbreaker棒棒糖：传说中的jawbreaker（下巴粉碎者），诨名“台球糖”，大小多种规格选择，最大的10cm，据说最早就辅助治疗儿童流口水，可是这货真心是色彩斑斓、口味独特，居家必备，防身利器啊。这就是传说中的一颗糖舔一辈子(¯﹃¯)5.RödaUlvenSurströmming鲱鱼罐头：最近一直是网红状态的瑞士鲱鱼罐头，纯天然发酵，可以看到很多视频几乎开盖就吐，对比榴莲或者臭豆腐这些才不到420Au异味值的食物来说，这个罐头基本可以刷新三观。让人印象深刻！
176	[街拍]	[花湖 文化 尕海 碰撞 信条]	【记录生活，按下快门便是美景！】	郎木寺郎木寺是四川甘肃两省，南北两地文化的碰撞、交织、融合的聚焦之地，它也是窥见藏族装饰美学的伦理兴趣和建筑艺术的宗教韵味的不二法门。一条小溪融合了藏、回两个和平共处的民族，喇嘛寺、清真寺各据一方地存在着，晒大佛、做礼拜，小溪两边的人们各自用不同的方式传达着对信仰的执著。一江之隔，数米之遥，却能从中品味川甘两省文化差异。文化习俗奇妙穿插，却又彼此牵连。寺院的袅袅禅音伴着弯弯的山路上那些无论吹风下雨日出日落永远不会停歇的转山的人。用心灵去感受佛教的魅力，体会人类的虔诚。著名的天葬台，将是旅程中最值得观摩的地方。花湖“花湖是这样一座城：柔弱，宽容，淡然，饱满，不屑一顾，自开自落。”在驴友们的游记里，7月正是她最艳丽的时候。阳光充足，水色纯美，湖畔开满了鲜花，如入仙境。湖水透彻的蓝有着无法形容的纯净;缱绻在水天之间的云彩，有着魔力般的妖艳。8月便进入雨季，天色晦暗，水色苍茫，此时的花湖洗尽铅华、布衣裙钗，另一种美。“在今天，花湖因为鲜为人知而更加神秘衿贵：亘古不变的小木亭子，长长的栈道，大片的湖水，无尽的蓝天，水天之间纠缠的云彩。从花湖回来的照片永远是这样简单的组合，却永远让人一见倾心，别无选择。简单，安静，却让人燃烧，这就是花湖，寂寞、慵懒却有点妖娆的花湖。”尕海不同于花湖的妖娆，尕海是静谧的。没有半点浮躁和喧嚣，犹如处子拂卷，恬淡安然。在如此天与地的巨大幕布下拍照，无疑具有大气而滂沱的气势，与九寨沟的秀丽婉约形成鲜明的对比。世代生活在尕海草原的藏族牧人，信仰佛教，奉守不杀生的信条，视珍禽莅临为吉祥，尤其把鹤类看成是神仙的化身，是祥瑞和美的象征，从不惊扰伤害它们。在路上，记录生活。
177	[穷游]	[慢跑 加拿大 种类 城市 始祖鸟]	【阳光正好户外遇见温哥华】	【都市天然运动场】说到温哥华的户外运动场一定要从斯坦利公园（StanleyPark）谈起，这座超级大公园是骑行者们的天堂。在BayshoreBikeRentals租辆自行车，确保你在天黑前完整地骑行游览温哥华水族馆、图腾柱、玫瑰花园并欣赏到落日中的绝美海滩。喜欢水上运动吗？你可乘坐加拿大可爱的小型交通艇到固兰湖岛租皮划艇，在深入温哥华城市的海湾中探索这片被称为福溪（FalseCreek）的海域，不过要小心技术不熟会玩到脱力。玩累了就返回岛上，逛逛动力十足的公共市场，艾米丽卡艺术大学就在这里，有许多“未来艺术家”的工作室和小铺。【一日慢跑城市游】慢跑浏览城市是了解温哥华的最好方式。市中心的环境繁华干净，且有沿海慢跑路段。可以从耶鲁镇（Yaletown）的DavidLamPark出发，沿街经过正在建设的不列颠哥伦比亚体育场（BCPlace）。体育场东边的建筑材料堆是跑酷爱好者的练习场，就算看见肌肉发达的小哥从架桥上径直跳下去也不要惊讶。铆足劲一直跑到北海岸的加拿大广场感受一下清新海风。在HarbourGreenPark一路沿海，经过DevomianHarbourPark后就可以转向，沿着最负盛名的英吉利沙滩一路感受下坡路，此时正到日落时分，夕阳下的沙滩绝对是你一生难忘的绝美风景。【户外用品ONSALE!】加拿大最负盛名的户外品牌始祖鸟（Arc'teryx）的工厂店就在温哥华市区不远处（2155DollartonHwy），这里有款式和种类最全的始祖鸟装备售卖，在换季的时候去工厂店吧，你会惊奇地发现这个从不打折的品牌也有如此惊人的折扣。千万不要错过这个扫货的好机会！|或许是因为这里的气候实在太好了，在温哥华不玩户外运动，那你的生活就缺失了一大部分。慢跑、骑行、赛艇、跑酷、跳伞……运动种类超乎想象，也绝对有一款适合你。|
178	[美妆]	[]	【第一次开飞机】	第一次开飞机我有点激动
179	[纤体]	[图库 偷看]	【回家再说咯让我哭哦咯out了】	two利润不我饿too拖丢看啦额最新模型三楼图中偷看URL哦可以图库拖
180	[户外]	[灵山 龙门 褶皱 怀来 门头沟区]	【2016-5-21(周六)“北灵山-黄草梁”休闲摄影穿越】	灵山位于北京西部，门头沟区西北山区中，与张家口市涿鹿、怀来两县交界，距北京市区122公里，其顶峰海拔2303米，是北京的第一高峰。西与龙门森林公园毗邻；东与龙门涧景区相连；南与109国道相通。由于其海拔高度所致，使灵山在方圆25平方公里内形成北京地区集断层山、褶皱山为一体，奇峰峻俏、花卉无垠的自然风景区。夏季，这里“丰草绿缛而争茂，佳木葱茏而可悦”，走在林中，让人备感舒适。自然山水自然景，自然空调自然风，凉风习习，心惬意，来到灵山方知城乡大不同。
181	[茶]	[微信 参与 公众 关注 活动]	【【壕礼】人品闪出来，截图赢大奖~】	谷雨时节正是人间4月天~轻灵在春的光艳中交舞变幻我们的国美+官方微信MM又来给大家送福利啦~关注国美Plus微信公众号，参与最新活动，截图赢取国美+现金券哦！多份好礼再向你招手哦~快来试试你的手气如何吧~参与方式：1．关注国美Plus微信公众号（在微信搜索“国美Plus”即可关注；或保存下图二维码至手机相册，在微信中打开扫描识别此二维码关注公众号哦）2、在国美Plus官方微信公众号中：查看底部菜单栏：最新活动参与即可。3、活动动图中有3幅国美+现金券，截到TA，回复至国美Plus微信公众号就可以参与该面值的现金券抽奖啦！奖项设置：50元国美+现金券1份，20元国美+现金券2份，10元国美+现金券3份活动时间：4月19日——4月22日
182	[服装]	[每隔 咖啡厅]	【首尔街头咖啡厅】	首尔到处都是咖啡厅，每隔100米就有一家。
183	[甜品]	[表白 人儿 礼物 聊妹 机会]	【5.20表白神器，竟然这些！！！】	Hi，亲爱的小伙伴们，一年一度、圣神的520表白日要到了哦~是滴！那些要在那一天撩汉聊妹的人儿，你们的机会来啦！！！遇到机会，就要紧紧抓住啊~亲爱的小伙伴们，首先，要买对表白礼物，要买对表白礼物，要买对表白礼物啊！5.20表白神器已备好了，看下面，看下面呐！！！
184	[音响]	[圈友 私信 失眠 一等奖 相见]	【“给我一首歌的时间”获奖名单揭晓】	能不能给我一首歌的时间紧紧的把那拥抱变成永远在我的怀里你不用害怕失眠如果你想忘记我也能失忆能不能给我一首歌的歌词把故事听到最后才说再见怀念不如相见！本期活动获奖名单：一等奖：一碗面条儿二等奖：龙眷疯韩小斌斌三等奖：哎哟喂哦啊恭喜以上圈友获得国美+现金券。圈主将会私信给各位圈友，圈友们看到私信记得回复哦。
185	[纤体]	[图片 审核 话题 上传 内容]	【国美+精华话题标准】	欢迎来到【最达人】，小美美眉等你很久了哟~~~[YY]一、精华话题内容审核标准1、内容专业，丰富详实，兼具图片精美、文笔流畅；2、图片数量≥10张，且清晰，无版权纠纷；二、精华话题图片审核标准1、禁止上传涉及粗俗、色情、淫秽、亵渎、违法、挑衅、侮辱、反动的图片；2、禁止上传带有标志、标题、品牌、促销信息的图片；3、上传的图片无版权纠纷，不得盗用其他图片；4、精华图片最好具有以下几点：（1）出色的构图；（2）捕捉到某个标志性时刻；（3）用照片传达出故事；（4）保留想象空间；（5）独特的光线与色彩；（6）被忽略的细微处；（7）那些特别的幸福瞬间；三、以下情况，话题可能审核不通过发布广告或其他有商业利益为目的的内容；四、以下情况，话题会被直接删除1、文字或图片含有违反国家法律规定的内容；2、未经他人同意，剽窃、转载和引用他人的作品；五、精华话题举例1、一朵课堂|零基础如何画好植物白描（上）https://m.gomeplus.com/group/topic?topicId=5771f468431a4707366a98fd2、虽然秋衣也很经典，但你把经典穿成了秋衣，就是你的不对了https://m.gomeplus.com/group/topic?topicId=5768fc291940eb212f443324
186	[美妆]	[胸部 胸罩 罗马 女性 流行]	【女性内衣百年变迁史看遍女性文胸变迁】	最初的胸罩可以追溯到罗马帝国时期，流行的是中性风内衣。那时的胸罩就是用来束胸的。跟今时今日的审美大不相同，罗马人认为女性胸部并不具有吸引力，用一条布把女性胸部勒平才是王道。
187	[服装]	[单品 少女 背带裤 能量 满满]	【三十岁依旧怀着一颗少女心在穿衣】	女人三十又何妨，怀着一颗少女心仍然可以美出新高度。请记得这绝对不是什么装嫩，打造浑然天成的年轻做派正能量满满。把握单品的正确选择，拥抱你的少女心GOGOGO。背带裤带出的亲近感不是盖的，确实很讨喜。就连稳坐英国Itgirl第一把交椅，1983年次的AlexaChung也是这件无敌年轻单品的簇拥者。
188	[手工]	[剪纸 时间 学习 全世界 艺术家]	【坚持就会有奇迹！30年努力成就完美的纸雕艺术】	AkiraNagaya是位自学的日本剪纸艺术家，他花了30年的时间学习全世界最古老、又最美丽的剪纸艺术。他能把一张普通的纸，神乎其技地变成艺术品。
189	[纤体]	[黑色 足球鞋 色彩 配色 涂装]	【整装待发！耐克PitchDark配色全面出击】	耐克每一次推出的黑色涂装配色都受到热捧，这一次耐克为不同系列的足球鞋搭配了各自不同的明亮色彩的Swoosh标志。
190	[街拍]	[]	【油画不是一两天】	[努力][努力][努力][努力][努力]
191	[美妆]	[留下 文松 粉丝 方式 颜值]	【当偶像和谐星撞脸，一开始我的内心是拒绝的】	文松自从参加《欢乐喜剧人》后人气暴涨，贱贱的演出方式获得很多粉丝喜欢~娘贱的东北小伙给大家留下了深刻印象~尽管娘贱的形象深入人心，但是，抛开搞笑回归颜值，文松也是个美男子呢。
192	[美妆]	[时尚 造型 穿越 墨镜 转眼]	【衣服越穿越少造型越来越难凹？这件神器你要赶紧买！】	转眼进入盛夏季节了，越来越强的紫外线和越穿越少的衣服让时尚花蝴蝶们凹造型的难度指数直线上升。这个时候，想要瞬间提升时尚度，boost你的气场，你最需要的一件单品一定是：墨镜！
193	[街拍]	[摄影 表现力 扫街 作品 短时间]	【扫街--随性中略带着学问】	扫街也就是街头摄影，它随性、私人化的摄影类别，很多时候不需要去刻意研究小细节。但对于街头摄影大多需要在短时间内找准要点，方能得到一张耐看的街头摄影作品。所以如何快速为你的扫街作品增添画面表现力，还是有着学问可究的。
194	[美妆]	[芭蕾舞鞋 鞋子 癌症 适合 选择]	【我就知道选择纠结症的你正在买鞋】	姑娘们的鞋子主线还是要以美貌为前提，其次是舒适，不过对于选择纠结症的你来讲，买双中意的鞋子可谓是大海捞针。我知道宝宝心里苦，所以仁慈的我这就手把手教你挑选适合这一季穿的美鞋子。如果你是比较中规中矩型妹子，没有那么赶潮流，一双经典的平底芭蕾舞鞋足已满足你的各种需求。平底芭蕾舞鞋的利用率超高，不只可以穿一季哦。更是百搭型选手，懒癌症犯的时侯，选它就对了。
195	[茶]	[活动 任性 逛逛 电脑 大牌]	【坏天气好心情，猴年马月任性购】	猴年马月悄无声息的来了,任性低价也跟着悄悄的来了在这”不可描述”的二十八天里(6.5-7.3),国美+看”天”放”价”,带你放肆一把6月8日真是一个”好”天气,阴雨+雾霾,让我们任性放价吧在逛逛banner点击活动图片进入活动页面,就可以看到第一季的任性低价商品喽我是不会告诉你是大牌电脑及用具的
196	[街拍]	[选择 胃口 餐桌上 天气 必备]	【夏天来一份美味高颜值沙拉才是王道！】	天气越来越热，胃口也越来越差，这个时候，真的是没有比一份简单、清淡、美味又营养丰富的沙拉更好的选择了~制作简便的沙拉已成为夏日餐桌上的必备菜。但是，在不少人看来，沙拉不过是各种蔬菜混搭再淋上些酱汁罢了。其实，世界各地的沙拉千差万别、各不相同。看看这些美味又高颜值的沙拉，选择一款做起来吧！
197	[街拍]	[审核 人员]	【测试话题～本人可见】	请审核人员先别审核，谢谢
198	[街拍]	[感受 喧嚣 城市 呼吸声]	【你若安好便是晴天】	静静的听着你的呼吸声，感受整个喧嚣的城市终于安静了下来～
199	[茶]	[妹子 汉子 模样 男朋友 没找]	【一个单身妹子的独居日常】	那些没找男朋友的妹子，一个人生活久了，换灯泡，我来！修马桶，我来！抗矿泉水，我来！于是……就变成今天这个模样——女汉子。
200	[多肉]	[好看 无袖 短裤 蝴蝶 动作]	【坚持9组动作告别蝴蝶袖就是这么简单】	穿短袖的季节，如果没有好看的臂膀，简直比夏天不能穿短裤短裙还可怕！想遮住却无奈天太热，一不小心腋下湿淋淋一片，既不雅观也容易产生很重的汗味。如果你是个有蝴蝶袖的妹子，千万不要怕，坚持下面这9组动作，短袖无袖任性穿，阳光沙滩比基尼，做最瞩目的自己。
201	[茶]	[父亲 大胆 浓缩 对话 父爱]	【花式秀父爱|和老爸一起登全屏广告位,好激动】	对父亲爱的表达往往是内敛的低沉且轻描淡写的但是父亲的爱却是浓烈的用心且不遗余力的一年的364天里对父亲的一个眼神,一句关心,一次对话去诉说父爱但请在父亲节这个关于父亲所有爱的浓缩日里大胆说爱,昭告天下
202	[养猫]	[咖啡厅 试试 东京 连锁 拿铁]	【东京街道冰拿铁，忘不了的味道已入骨。】	平时在国内一般喝美式为主，到了东京请试试冰拿铁。与星巴克等连锁咖啡厅不一样的拿铁。虽然带着奶，但是没有腻歪的感觉每一口都是那样清爽润滑。
203	[零食]	[特质 常理 发挥 任性 方式]	【背包也有新花样你还在好好背包？】	时尚界是个无所不能的地界，最大的特质就是从来不按常理出牌，除了经常在服装搭配上发挥了很多想象力之外，连背包的方式也无时无刻不在透露着一种任性的气场。你还在好好背包？然而我偏要玩出新花样儿。常见的背法就是包包从来都不好好合上，相信很多亲在街上遇到过？你是否还曾提醒过把拉链系好？，别问安不安全的问题，时髦人的眼里好看才是第一位，其他的一切都不重要。
204	[家用电器]	[格格 逝去 虾仁 女神 老干部]	【员工内购会，造不造？约起来！】	紫薇格格嫁人了~啊………啊………啊………多少人曾爱慕你年轻时的容颜多少岁月被你温柔惊艳~黯然伤神的不仅有胡歌，还有我逝去的童年~女神等到了给她剥虾仁的老干部“暖男”格格迷们心有木有碎的稀里哗啦的吖~~
205	[热点]	[心情 运动员 零食 作伴 办成]	【[奥运美食分享会】看看这期我们为您准备了什么？】	听说里约奥运会已经变成“里约大冒险”了，你造吗？多想亲自告诉咱运动员安全第一。你是不是跟我一样炒鸡好奇，想看看里约的奥运会到底会办成啥样！心情都准备好了，就缺零食作伴呐！小编这就带你优惠逛好货，一般人我不告诉他~
206	[茶]	[活动 电脑 添加 衣服 页面]	【猴年马月任性购第三波】	猴年马月十二年一次,眼瞅着已经过去一半了,入手了心仪的电脑和丰富的美食后再添加几件美美的衣服吧快快点击“逛逛”首页置顶活动banner进入活动页面第三波的任性低价商品又来啦，这次是漂亮的夏装呦，阴雨天里也要美美哒
207	[家用电器]	[空调 烈日 炎炎 避暑 开启]	【get独家避暑秘籍！8.16内购福利会—冰箱篇】	帝都最近又开启了热热热热×10086模式炎炎烈日~~空调，wifi，西瓜都无法抚平暴躁的心！有木有！话说小编一直有个独家避暑神器此时觉得有必要和大家分享一下了~
208	[家用电器]	[神器 空调 帝都 烈日 炎炎]	【get独家避暑秘籍！8.16内购会福利会—冰箱】	有了这款独家避暑神器，夏天爽度指数暴涨10000000！帝都最近又开启了热热热热×10086模式炎炎烈日~~空调，wifi，西瓜都无法抚平暴躁的心！有木有！话说小编一直有个独家避暑神器此时觉得有必要和大家分享一下了~
209	[街拍]	[流泪]	【[流泪][流泪][可怜][可怜][大哭]】	[流泪][流泪][流泪][流泪][流泪]
210	[手工]	[喜欢 留言 流泪 帖子 发布]	【对于大家的喜爱。特别感谢。】	前几天发布了一个帖子。特别感谢大家的喜欢。因为系统原因。我暂时无法回复大家的留言。现在这里说一声抱歉[流泪]。也再次感谢大家的喜欢[微笑]
211	[热点]	[海鲜 舟山 马鲛鱼 带鱼 大黄鱼]	【聊聊舟山美食】	舟山不仅是我国最大的渔场，也是世界著名四大渔场之一。在饮食方面自然以海鲜为特色，烹饪的主要特点为清蒸、酱渍、盐渍、风干，生吃。舟山享有“中国渔都”的美誉。盛产大黄鱼、小黄鱼、带鱼、乌贼（墨鱼）、梭子蟹、鳓鱼、鲳鱼、海鳗、马鲛鱼、泥螺、虾米等各类海鲜。看到这一连串的鱼和虾，你萌是不是有拿起包来一次说走就走的舟山之旅，奈何没有假，奈何今天才周一。
212	[养猫]	[主子 盒子 关门 垫子 喜欢]	【这是一部关于猫的电影】	铲屎官的日常每天关注猫粮盒子及水碗清水每三天考虑改善生活每天给主子请安每天抚摸，即便遇到蹬，踹，咬，挠主子要去外面玩，即便是半夜一点也要开门主子回来抠门要及时开门铲屎官上厕所不许关门，方便主子检查，即便她走的时候骂你拉屎臭铲屎官洗澡不能关门，主子要欣赏人体艺术，要360无死角显示铲屎官找东西，要给主子留最好的监督位置，要说明在找啥关闭仓门箱门的时候请及时查看主子是否在你身边，关进仓里或者箱子里...你们懂得...主子四点钟叫你上厕所要及时配合所有高地，所有盒子，所有主子主子喜欢的垫子，凳子都要24小时空着如果主子趴在你屁股上，good，保持姿势不要动，直到主子自己离去关于主子吃多了吐了一地，请及时清理，不然不知道什么时候，你鞋里也会多那么一口黏黏的...你们懂得。
213	[纤体]	[减肥 偏方 时下 大业 备受]	【5种新奇有效减肥偏方你试过没】	时下减肥方法千奇百怪，数不胜数。各种减肥偏方也备受大家的关注。下面是5种时下比较热门的减肥偏方，如果你正想减肥，却又不知道如何下手，不妨来试试吧。说不定真的可以成就你的减肥大业呢。1.绷带瘦身法
214	[美妆]	[文艺 风格 低调 香蕉 公平]	【你好，这里有一只黄轩，向你伸出了“圆手”】	随着热播剧《亲爱的翻译官》完结，黄轩的手都被玩坏了~网友纷纷表示，多年的手控被黄轩手治好了！作为“国民暖男”的黄轩因为出演了多部文艺电影，再加上英俊文艺的长相和低调的行事风格，因此也被称作当今娱乐圈难得的“文艺小生”。然而，就像很多人说的那样，上帝是公平的！有着英俊面庞的黄轩却有一双肉嘟嘟、圆乎乎的手，攥起来简直跟哆啦A梦的手或者是热带小香蕉神同步~
215	[养猫]	[劈叉 过程 松鼠 杂技表演 花茎]	【抓拍松鼠演特技吃坚果瞬间这叉劈得我给满分！】	瑞典业余摄影师GeertWeggen在自家花园里拍下了这一幕。松鼠以劈叉的方式用后爪抓住花茎，以便将前爪解放出来，抱着坚果大快朵颐。以下是松鼠骚年劈叉杂技表演的过程，高能预警！
216	[美妆]	[纸巾 图片 买点]	【画江湖里的妹纸挺赞】	明天就是虐狗节了，们看看图片，多买点纸巾，要快乐奥^_^
217	[影视]	[味道 湖南 饥饿 母亲 生于]	【黄磊说，“家乡的味道，就是母亲喊我回家吃饭！”】	有人说世界上最好的两种调料一是饥饿，二是回忆。如果在饿的时候能吃到一碗妈妈做的蛋炒饭，爸爸做的红烧肉，外婆包的春卷，纵使山珍海味在面前大抵也不会多看一眼。那是家的味道，无论在外受了多少委屈，都会随着那蒸腾的热气模糊飘散；无论身在何方，胃永远指着家的方向。“舌尖系列”的制作人陈晓卿早已尝遍天下美食，却会在《舌尖上的新年》里感慨小时候家里过年做的红薯糖才最好吃。那是一种面目不清的甜，是在异乡寒冷的冬夜里会揪心想念的味道。难怪友人沈宏非会说他是有“浓浓的乡愁和满满的敌意”的“怀旧型吃货”。而生于江西，在湖南和北京长大的黄磊说，“家乡的味道，就是母亲喊我回家吃饭！”
218	[音响]	[半决赛 挑战 福原 爱将 中国]	【福原爱以4-0战胜冯天薇，晋级四强！】	里约奥运会乒乓球女子单打1/4决赛，福原爱以4-0战胜冯天薇，晋级四强！恭喜小爱[耶]福原爱将在半决赛中挑战卫冕冠军中国选手李晓霞。
219	[手串]	[空间 文玩 收纳 念珠 皮料]	【来玩嘛，来玩嘛，一起来玩呀】	今天给大家安利3款文玩收纳包储存空间大方便随身携带皮料非常柔软妈妈再也不用担心我的念珠无处安放啦高逼格低价格人人都用得起的精品皮具便宜哭！！！随着长期使用皮料会变得更加漂亮
220	[音响]	[冠军 比赛 逆转 代表团 情况]	【中国第十金!丁宁4-3李晓霞女单夺冠加冕大满贯】	里约奥运乒乓球比赛女单决赛，丁宁与李晓霞连续两届奥运会争夺冠军。经过七局苦主，丁宁在2-3落后的情况下，通过决胜局完成4-3的逆转，复仇李晓霞拿到奥运冠军，也由此实现大满贯伟业，这也是中国代表团在里约奥运的第10块金牌。
221	[音响]	[赛场 游泳 再现 同台 场景]	【“瑜亮”相惜：朴泰桓憾别赛场孙杨黯然神伤】	中新网里约热内卢8月12日电朴泰桓和孙杨这对被广泛关注的老对手在里约游泳赛场重新聚首，两人都热切期望能再一决高下，然而同台较量的场景却难再现。朴泰桓因成绩不佳，最终憾别赛场，只留下孙杨一人“感受孤独”。
222	[装备]	[英国 生怕 重磅 电视台 错失]	【日本媒体速报英国脱欧东京台个性画风搏出位】	就在英国脱离欧盟的重磅新闻炸开之时，全世界各大媒体都已经在刷屏了。日本几大电视台都对英国脱欧进行全程热力跟踪报道，生怕错失任何一个细节。在英国刚刚宣布确实脱欧的一刻，各大电视台的画面是这酱紫的：
223	[零食]	[女生 适合 碰到 有没有 葡萄酒]	【盘点一些适合女生喝的葡萄酒，赶紧和她约约约！】	经常碰到朋友问有没有适合女生喝的葡萄酒，且不管问话的是女生本人还是想送礼的男票，老实说碰到这种问题实在是不知道如何回答为好，毕竟每个人的口感偏好不同，相信无论是男是女应该都没有谁会去问有没有适合女生吃的菜。其实总的来说，目前绝大部分女生都喜欢一些风格较为清新、单宁含量低的葡萄酒，如果喝起来甜美怡人就再好不过了。
224	[家用电器]	[]	【欧洲杯上迸发的金句，不知道你就out了】	熬夜看欧洲杯了吗？什么？不看！
225	[徒步]	[母鸡 刷爆 社交 小伙儿 事迹]	【霸气侧漏带着母鸡环游世界】	近日，一位90后法国小伙儿带着一只母鸡环球旅行的事迹刷爆了国外的社交媒体。
226	[护肤]	[腰部 事情 迷人 拥有 部位]	【7天快速塑造迷人小蛮腰】	腰部其实相对于身体的其他部位是比较容易瘦下去的部位，拥有迷人的小蛮腰是一件非常重要的事情，在穿衣服时很多时候都是体现在腰部，看身材看不见腰部也是一件非常尴尬的事情，所以，瘦腰也是一件非常重要的事情。想要7天快速瘦腰，戳这里！
